{"type":"FeatureCollection","generated":"2026-09-22","source":"OpenStreetMap contributors, via the Overpass API","license":"ODbL 1.0","area":"Cebu City","features":[{"type":"Feature","id":"archbishop-reyes-avenue","properties":{"id":"archbishop-reyes-avenue","name":"Archbishop Reyes Avenue","kind":"secondary","at":[123.90449,10.32143],"neighbours":["archbishop-reyes-m-cuenco-flyover","gorordo-avenue","luzon-avenue","mindanao-avenue","n-escario-street","pope-john-paul-avenue","salinas-drive"]},"geometry":{"type":"MultiLineString","coordinates":[[[123.90626,10.32411],[123.90687,10.32505]],[[123.90338,10.31939],[123.90449,10.32143]],[[123.90479,10.32189],[123.90378,10.32043]],[[123.90328,10.31917],[123.90387,10.32033]],[[123.90393,10.32044],[123.90479,10.32189]],[[123.90232,10.31718],[123.90202,10.31641]],[[123.90378,10.32043],[123.90328,10.31917]],[[123.90449,10.32143],[123.90479,10.32189]],[[123.90521,10.32252],[123.906,10.32371]],[[123.90749,10.32591],[123.90626,10.32411]],[[123.90512,10.32239],[123.90479,10.32189]],[[123.90626,10.32411],[123.90741,10.32565]],[[123.90297,10.3185],[123.90268,10.3179]],[[123.90202,10.31641],[123.90172,10.31553]]]}},{"type":"Feature","id":"osmena-boulevard","properties":{"id":"osmena-boulevard","name":"Osmeña Boulevard","kind":"secondary","at":[123.89147,10.31482],"neighbours":["colon-street","dionisio-jakosalem-street","don-jose-avila-street","fuente-osmena-circle","j-llorente-street","lapu-lapu-street","m-j-cuenco-avenue","m-p-yap-street","p-burgos-street","p-del-rosario-street","p-lopez-street","r-r-landon-street","sanciangko-street","v-urgello-street"]},"geometry":{"type":"MultiLineString","coordinates":[[[123.89752,10.29777],[123.89697,10.29925]],[[123.89469,10.30529],[123.89508,10.3042]],[[123.89271,10.31132],[123.89147,10.31482]],[[123.89751,10.29768],[123.89817,10.29641]],[[123.90377,10.2939],[123.9043,10.29367]],[[123.89257,10.31127],[123.89275,10.3104]],[[123.89147,10.31482],[123.89112,10.31582]],[[123.89688,10.29924],[123.89741,10.29773]],[[123.90164,10.29482],[123.90377,10.2939]],[[123.89586,10.30201],[123.89676,10.29954]],[[123.89532,10.30394],[123.89481,10.30539]],[[123.89133,10.31477],[123.89247,10.31155]],[[123.89526,10.3037],[123.89561,10.30274]],[[123.89577,10.30269],[123.8954,10.3037]],[[123.89309,10.30919],[123.89334,10.30898],[123.89404,10.30707]],[[123.89315,10.31052],[123.89271,10.31132]],[[123.89678,10.29988],[123.89597,10.30214]],[[123.89097,10.31575],[123.89133,10.31477]],[[123.89383,10.30827],[123.89358,10.30934]],[[123.89441,10.30651],[123.8942,10.30713]],[[123.89404,10.30707],[123.89442,10.30607]],[[123.8942,10.30713],[123.89383,10.30827]],[[123.89462,10.30594],[123.89441,10.30651]]]}},{"type":"Feature","id":"sanciangko-street","properties":{"id":"sanciangko-street","name":"Sanciangko Street","kind":"tertiary","at":[123.89377,10.29664],"neighbours":["a-borromeo-street","dionisio-jakosalem-street","junquera-street","lakandula-street","leon-kilat-street","osmena-boulevard","panganiban-street","pelaez-street","tres-de-abril-street"]},"geometry":{"type":"MultiLineString","coordinates":[[[123.90171,10.29921],[123.89995,10.29888]],[[123.89259,10.29631],[123.89194,10.29611]],[[123.896,10.29731],[123.89377,10.29664]],[[123.89829,10.29817],[123.89752,10.29777]],[[123.89377,10.29664],[123.89259,10.29631]],[[123.89741,10.29773],[123.896,10.29731]],[[123.89995,10.29888],[123.89829,10.29817]]]}},{"type":"Feature","id":"leon-kilat-street","properties":{"id":"leon-kilat-street","name":"Leon Kilat Street","kind":"tertiary","at":[123.896,10.29731],"neighbours":["a-borromeo-street","colon-street","escano-street","magallanes-street","sanciangko-street"]},"geometry":{"type":"MultiLineString","coordinates":[[[123.89703,10.29346],[123.89677,10.29452]],[[123.89654,10.29546],[123.896,10.29731]],[[123.89677,10.29452],[123.89654,10.29546]],[[123.896,10.29731],[123.89566,10.2985]]]}},{"type":"Feature","id":"m-j-cuenco-avenue","properties":{"id":"m-j-cuenco-avenue","name":"M.J. Cuenco Avenue","kind":"primary","at":[123.9129,10.31339],"neighbours":["bonifacio-street","cebu-south-coastal-road","eduardo-aboitiz-street","imus-avenue","juan-luna-avenue","legaspi-extension","legaspi-street","m-c-briones-street","m-l-quezon-boulevard","mactan-road","magallanes-street","osmena-boulevard","pope-john-paul-avenue","s-cabahug-street","t-padilla-street","v-sotto-street","vicente-gullas-street","zulueta-street"]},"geometry":{"type":"MultiLineString","coordinates":[[[123.91544,10.31464],[123.91607,10.31511],[123.91723,10.31645]],[[123.90643,10.30051],[123.90651,10.30107]],[[123.90613,10.30642],[123.90691,10.30831]],[[123.90568,10.29647],[123.90591,10.29756]],[[123.90387,10.29201],[123.90458,10.29354]],[[123.90986,10.31186],[123.9129,10.31339]],[[123.91723,10.31645],[123.91822,10.31763]],[[123.90517,10.2949],[123.90545,10.29561]],[[123.90752,10.30917],[123.90911,10.31117]],[[123.90606,10.29837],[123.9064,10.30027]],[[123.9129,10.31339],[123.91415,10.31401]],[[123.90545,10.29561],[123.90568,10.29647]],[[123.90613,10.30642],[123.90564,10.30675]],[[123.90645,10.30284],[123.90617,10.30465]],[[123.90458,10.29354],[123.90487,10.29417]],[[123.91415,10.31401],[123.91466,10.31426]],[[123.91473,10.3143],[123.91544,10.31464]],[[123.90559,10.30669],[123.90604,10.30635]],[[123.91822,10.31763],[123.91909,10.31856]],[[123.90934,10.31139],[123.90986,10.31186]],[[123.90657,10.30192],[123.90645,10.30284]],[[123.90617,10.30465],[123.9061,10.30594]],[[123.90653,10.30129],[123.90657,10.30192]]]}},{"type":"Feature","id":"juan-luna-avenue","properties":{"id":"juan-luna-avenue","name":"Juan Luna Avenue","kind":"primary","at":[123.91534,10.3133],"neighbours":["a-soriano-jr-avenue","j-de-veyra-street","m-j-cuenco-avenue","pope-john-paul-avenue"]},"geometry":{"type":"MultiLineString","coordinates":[[[123.91914,10.30895],[123.91862,10.30958]],[[123.91466,10.31426],[123.91534,10.3133]],[[123.91548,10.31315],[123.91594,10.31261]],[[123.91541,10.31337],[123.91473,10.3143]],[[123.91602,10.31268],[123.91555,10.31322]],[[123.91851,10.30952],[123.91905,10.30887]],[[123.91736,10.31108],[123.91696,10.31157]],[[123.91782,10.31053],[123.91743,10.31099]],[[123.91619,10.31232],[123.91669,10.31172]],[[123.91678,10.31178],[123.91627,10.31239]],[[123.91687,10.3115],[123.91728,10.31101]]]}},{"type":"Feature","id":"f-ramos-extension","properties":{"id":"f-ramos-extension","name":"F. Ramos Extension","kind":"tertiary","at":[123.89882,10.3041],"neighbours":["dionisio-jakosalem-street","don-jose-avila-street","junquera-street","villalon-drive"]},"geometry":{"type":"MultiLineString","coordinates":[[[123.89246,10.31516],[123.89201,10.31657]],[[123.89829,10.30473],[123.89882,10.3041],[123.90004,10.30423]]]}},{"type":"Feature","id":"p-lopez-street","properties":{"id":"p-lopez-street","name":"P. Lopez Street","kind":"tertiary","at":[123.89781,10.2949],"neighbours":["a-borromeo-street","colon-street","magallanes-street","osmena-boulevard"]},"geometry":{"type":"MultiLineString","coordinates":[[[123.89781,10.2949],[123.8981,10.29379]],[[123.89819,10.29625],[123.89781,10.2949]]]}},{"type":"Feature","id":"manalili-street","properties":{"id":"manalili-street","name":"Manalili Street","kind":"tertiary","at":[123.89905,10.29435],"neighbours":["a-borromeo-street","f-calderon-street","magallanes-street","vicente-gullas-street"]},"geometry":{"type":"MultiLineString","coordinates":[[[123.89952,10.29575],[123.89905,10.29435]],[[123.89878,10.29339],[123.89848,10.29236]],[[123.89905,10.29435],[123.89878,10.29339]]]}},{"type":"Feature","id":"natalio-bacalso-avenue","properties":{"id":"natalio-bacalso-avenue","name":"Natalio Bacalso Avenue","kind":"primary","at":[123.85005,10.27429],"neighbours":["colonel-a-cabreros-street","e-corro-street","f-jaca-street","f-vestil-street","francisco-llamas-street","i-tabura-street","j-alcantara-street","katipunan-street","l-gabuya-street","macopa-street","mambaling-flyover","mambaling-underpass","panganiban-street","r-padilla-street","saint-jude-acres-street","tres-de-abril-street","vicente-rama-avenue"]},"geometry":{"type":"MultiLineString","coordinates":[[[123.87732,10.29109],[123.87803,10.29158]],[[123.85816,10.28265],[123.86152,10.28645]],[[123.873,10.28993],[123.8707,10.28986]],[[123.85816,10.28265],[123.85565,10.27984]],[[123.88896,10.29735],[123.88828,10.29728]],[[123.88465,10.29633],[123.88406,10.29601]],[[123.88262,10.295],[123.88147,10.29419]],[[123.88054,10.29343],[123.88153,10.29411]],[[123.87803,10.29158],[123.87922,10.29245]],[[123.87535,10.29027],[123.87632,10.29046],[123.87724,10.29102]],[[123.87588,10.29041],[123.87533,10.29036]],[[123.89149,10.29804],[123.8896,10.29742]],[[123.88582,10.2967],[123.88835,10.29719]],[[123.88835,10.29719],[123.88898,10.29726]],[[123.87071,10.28972],[123.873,10.28986]],[[123.89054,10.29751],[123.89155,10.29794]],[[123.88285,10.29506],[123.88372,10.29566]],[[123.8678,10.28913],[123.87039,10.28971]],[[123.86146,10.28652],[123.85816,10.28265]],[[123.87714,10.29114],[123.87638,10.29065],[123.87533,10.29036]],[[123.89531,10.29889],[123.89334,10.29858]],[[123.88644,10.29699],[123.88577,10.2968]],[[123.85517,10.27936],[123.85474,10.27894]],[[123.88153,10.29411],[123.88268,10.29493]],[[123.8707,10.28986],[123.86781,10.28921]],[[123.87533,10.29036],[123.87422,10.29016]],[[123.873,10.28986],[123.87369,10.28998]],[[123.86669,10.28884],[123.86758,10.28907]],[[123.87368,10.29006],[123.873,10.28993]],[[123.87369,10.28998],[123.87535,10.29027]],[[123.88147,10.29419],[123.8805,10.29348]],[[123.86757,10.28916],[123.86513,10.28843],[123.86281,10.28746]],[[123.84908,10.27334],[123.848,10.27233]],[[123.87917,10.29257],[123.87723,10.29121]],[[123.88411,10.29592],[123.88469,10.29625]],[[123.88366,10.29575],[123.8828,10.29513]],[[123.88515,10.29647],[123.88582,10.2967]],[[123.88722,10.29715],[123.88644,10.29699]],[[123.88577,10.2968],[123.88512,10.29656]],[[123.85565,10.27984],[123.85517,10.27936]],[[123.85474,10.27894],[123.85005,10.27429]],[[123.84728,10.27178],[123.84782,10.27212]],[[123.84776,10.2722],[123.84724,10.27186]],[[123.8617,10.28662],[123.86271,10.28731]],[[123.86282,10.28736],[123.86669,10.28884]],[[123.86267,10.28739],[123.86208,10.28704]],[[123.89351,10.29846],[123.89498,10.29861]],[[123.86208,10.28704],[123.86164,10.28669]]]}},{"type":"Feature","id":"don-gil-garcia-street","properties":{"id":"don-gil-garcia-street","name":"Don Gil Garcia Street","kind":"tertiary","at":[123.89248,10.30974],"neighbours":["don-jose-avila-street","fuente-osmena-circle","j-llorente-street","n-escario-street"]},"geometry":{"type":"MultiLineString","coordinates":[[[123.89073,10.31456],[123.89248,10.30974]],[[123.89023,10.31596],[123.89073,10.31456]]]}},{"type":"Feature","id":"andres-abellana-street","properties":{"id":"andres-abellana-street","name":"Andres Abellana Street","kind":"tertiary","at":[123.8873,10.31917],"neighbours":["andres-abellana-extension","l-bacayo-street","m-velez-street","singson-road"]},"geometry":{"type":"MultiLineString","coordinates":[[[123.88799,10.31664],[123.8873,10.31917]],[[123.8873,10.31917],[123.88622,10.32046]],[[123.88557,10.32323],[123.88524,10.32468]],[[123.88582,10.32225],[123.88557,10.32323]],[[123.88605,10.32105],[123.88582,10.32225]],[[123.88622,10.32046],[123.88605,10.32105]]]}},{"type":"Feature","id":"vicente-rama-avenue","properties":{"id":"vicente-rama-avenue","name":"Vicente Rama Avenue","kind":"secondary","at":[123.88618,10.31228],"neighbours":["andres-abellana-extension","b-aranas-street","dr-pablo-abella-street","gervacio-quijada-street","j-labra-street","j-m-basa-street","katipunan-street","m-velez-street","natalio-bacalso-avenue","ramon-duterte-street","singson-road","t-abella-street","tres-de-abril-street"]},"geometry":{"type":"MultiLineString","coordinates":[[[123.88828,10.29728],[123.88764,10.29847]],[[123.88916,10.29623],[123.88862,10.29683]],[[123.89051,10.29488],[123.88916,10.29623]],[[123.8854,10.31583],[123.88483,10.31847]],[[123.88674,10.30311],[123.88669,10.30682]],[[123.88764,10.29847],[123.88667,10.30063]],[[123.88661,10.30886],[123.88618,10.31228],[123.88548,10.3155]],[[123.8834,10.3242],[123.88079,10.3296]],[[123.88393,10.32263],[123.8834,10.3242]],[[123.88434,10.32072],[123.88393,10.32263]],[[123.88482,10.31854],[123.88434,10.32072]],[[123.88669,10.30682],[123.88669,10.30791]],[[123.88667,10.30063],[123.88673,10.30269]]]}},{"type":"Feature","id":"m-velez-street","properties":{"id":"m-velez-street","name":"M. Velez Street","kind":"secondary","at":[123.88577,10.31586],"neighbours":["andres-abellana-street","ramon-duterte-street","vicente-rama-avenue"]},"geometry":{"type":"MultiLineString","coordinates":[[[123.8897,10.3171],[123.88873,10.31689]],[[123.88799,10.31664],[123.88698,10.31629]],[[123.88698,10.31629],[123.88577,10.31586]]]}},{"type":"Feature","id":"l-bacayo-street","properties":{"id":"l-bacayo-street","name":"L. Bacayo Street","kind":"tertiary","at":[123.88626,10.31888],"neighbours":["andres-abellana-street"]},"geometry":{"type":"MultiLineString","coordinates":[[[123.8873,10.31917],[123.88626,10.31888]],[[123.88626,10.31888],[123.88533,10.31862]]]}},{"type":"Feature","id":"n-escario-street","properties":{"id":"n-escario-street","name":"N. Escario Street","kind":"secondary","at":[123.89789,10.31809],"neighbours":["archbishop-reyes-avenue","don-gil-garcia-street","gorordo-avenue","governor-m-roa-street","juana-osmena-street","mindanao-avenue"]},"geometry":{"type":"MultiLineString","coordinates":[[[123.89023,10.31596],[123.89083,10.31615]],[[123.90189,10.31948],[123.90242,10.31977]],[[123.89994,10.31857],[123.90189,10.31948]],[[123.8947,10.31752],[123.89789,10.31809]],[[123.89929,10.31842],[123.89994,10.31857]],[[123.90242,10.31977],[123.90378,10.32043]],[[123.89817,10.31815],[123.89929,10.31842]],[[123.89153,10.3165],[123.891,10.31631]],[[123.89246,10.31678],[123.89309,10.31701]],[[123.89102,10.31623],[123.89156,10.31641]],[[123.8933,10.31708],[123.89402,10.31733]],[[123.89402,10.31733],[123.8947,10.31752]]]}},{"type":"Feature","id":"f-cabahug-street","properties":{"id":"f-cabahug-street","name":"F. Cabahug Street","kind":"secondary","at":[123.91951,10.32547],"neighbours":["a-soriano-jr-avenue","f-urot-street","president-roxas-street"]},"geometry":{"type":"MultiLineString","coordinates":[[[123.92024,10.314],[123.91872,10.3143]],[[123.92081,10.32714],[123.92046,10.32688],[123.91951,10.32547],[123.91689,10.32596],[123.91268,10.32179]],[[123.92077,10.31367],[123.92024,10.314]],[[123.9215,10.31284],[123.92077,10.31367]],[[123.91268,10.32179],[123.91218,10.32147]]]}},{"type":"Feature","id":"sikatuna-street","properties":{"id":"sikatuna-street","name":"Sikatuna Street","kind":"secondary","at":[123.90163,10.30517],"neighbours":["bonifacio-street","dionisio-jakosalem-street","general-echavez-street","imus-avenue","mabini-street","t-padilla-street","zulueta-street"]},"geometry":{"type":"MultiLineString","coordinates":[[[123.89972,10.30666],[123.90069,10.3065],[123.9014,10.30571]],[[123.90236,10.30165],[123.90304,10.30038]],[[123.90344,10.29894],[123.90368,10.29843]],[[123.90304,10.30038],[123.90323,10.29979]],[[123.90185,10.30341],[123.90203,10.30228]],[[123.9014,10.30571],[123.90163,10.30517],[123.90185,10.30341]]]}},{"type":"Feature","id":"dionisio-jakosalem-street","properties":{"id":"dionisio-jakosalem-street","name":"Dionisio Jakosalem Street","kind":"tertiary","at":[123.89961,10.31],"neighbours":["bonifacio-street","colon-street","f-ramos-extension","f-sotto-drive","general-maxilom-avenue","legaspi-street","m-c-briones-street","m-l-quezon-boulevard","osmena-boulevard","p-del-rosario-street","r-r-landon-street","sanciangko-street","sikatuna-street","v-ranudo-street","vicente-gullas-street"]},"geometry":{"type":"MultiLineString","coordinates":[[[123.90206,10.29779],[123.90177,10.29897]],[[123.90112,10.29237],[123.90122,10.29169]],[[123.90115,10.29331],[123.90105,10.29267]],[[123.90155,10.30012],[123.90083,10.30158]],[[123.90171,10.29921],[123.90155,10.30012]],[[123.90213,10.29681],[123.90183,10.29574]],[[123.90178,10.29556],[123.90158,10.29496]],[[123.89977,10.30622],[123.89987,10.30545]],[[123.89974,10.31071],[123.89961,10.31],[123.89972,10.30666]],[[123.8998,10.31126],[123.89974,10.31071]],[[123.9008,10.30182],[123.90023,10.30305]],[[123.90013,10.30337],[123.90008,10.304]],[[123.90128,10.29384],[123.90115,10.29331]]]}},{"type":"Feature","id":"junquera-street","properties":{"id":"junquera-street","name":"Junquera Street","kind":"tertiary","at":[123.89823,10.30295],"neighbours":["colon-street","f-ramos-extension","f-ramos-street","r-r-landon-street","sanciangko-street"]},"geometry":{"type":"MultiLineString","coordinates":[[[123.89818,10.30483],[123.89823,10.30295]],[[123.89823,10.30295],[123.89827,10.30193]],[[123.89995,10.29888],[123.90046,10.29794]],[[123.89827,10.30193],[123.89875,10.30107]],[[123.89916,10.3003],[123.89977,10.2992]]]}},{"type":"Feature","id":"don-mariano-cui-street","properties":{"id":"don-mariano-cui-street","name":"Don Mariano Cui Street","kind":"tertiary","at":[123.8898,10.31581],"neighbours":["b-rodriguez-street","j-llorente-street"]},"geometry":{"type":"MultiLineString","coordinates":[[[123.89217,10.30907],[123.89153,10.3109]],[[123.89153,10.3109],[123.8898,10.31581]]]}},{"type":"Feature","id":"villalon-drive","properties":{"id":"villalon-drive","name":"Villalon Drive","kind":"tertiary","at":[123.89085,10.32111],"neighbours":["acacia-street","f-ramos-extension","justice-street"]},"geometry":{"type":"MultiLineString","coordinates":[[[123.89182,10.31866],[123.8908,10.3205],[123.89085,10.32111],[123.89048,10.323],[123.89056,10.32344]],[[123.88999,10.32867],[123.88939,10.3285]],[[123.8919,10.31688],[123.89138,10.31826]],[[123.88963,10.3272],[123.88941,10.32829]],[[123.89004,10.32531],[123.88963,10.3272]],[[123.89052,10.32407],[123.89004,10.32531]],[[123.89138,10.31826],[123.89182,10.31866]],[[123.89182,10.31866],[123.89138,10.31826]],[[123.89056,10.32344],[123.89052,10.32407]]]}},{"type":"Feature","id":"cebu-balamban-transcentral-highway","properties":{"id":"cebu-balamban-transcentral-highway","name":"Cebu-Balamban Transcentral Highway","kind":"primary","at":[123.80641,10.41335],"neighbours":["bonbon-sudlon-road","busay-budlaan-road","paseo-john-john","roosevelt-drive","sudlon-road","veterans-drive"]},"geometry":{"type":"MultiLineString","coordinates":[[[123.88408,10.35665],[123.88376,10.35619],[123.8838,10.35594],[123.88497,10.35575],[123.88526,10.3551],[123.8857,10.35473],[123.88664,10.35466],[123.88662,10.35324],[123.88705,10.3529],[123.88759,10.3529],[123.88811,10.35267]],[[123.86751,10.37885],[123.86853,10.37895],[123.86935,10.37979],[123.87027,10.38002],[123.87098,10.38083],[123.87156,10.38056],[123.87161,10.38032],[123.87104,10.38017],[123.87086,10.37954],[123.87003,10.37927],[123.87001,10.37902],[123.87126,10.37889],[123.87214,10.37937],[123.87254,10.37942],[123.87332,10.37939],[123.87368,10.37913]],[[123.79672,10.4222],[123.79729,10.4214],[123.79826,10.42054],[123.79874,10.41918],[123.79901,10.41898],[123.79946,10.41911],[123.79999,10.42032],[123.80123,10.42109],[123.80396,10.42138],[123.80456,10.42086],[123.80523,10.42064],[123.80576,10.42004],[123.80586,10.41941],[123.80574,10.4188],[123.80639,10.41784],[123.80639,10.41722],[123.80553,10.4152],[123.80602,10.41442],[123.80641,10.41335],[123.80613,10.41266],[123.80612,10.41146],[123.80589,10.41049],[123.80572,10.41017],[123.80507,10.40976],[123.80492,10.40939],[123.80499,10.40754],[123.8054,10.40716],[123.80662,10.40693],[123.8088,10.40729],[123.81033,10.40792],[123.81183,10.40812],[123.81307,10.40936],[123.81441,10.4089],[123.81491,10.40906],[123.81561,10.40965],[123.81669,10.40948],[123.81737,10.40979]],[[123.86069,10.37781],[123.86084,10.37842],[123.86122,10.3789],[123.86199,10.37923],[123.86257,10.37971],[123.8637,10.38005],[123.86526,10.38109],[123.86625,10.38136],[123.86745,10.38058],[123.86749,10.37993],[123.86724,10.37911],[123.86739,10.37892]],[[123.85277,10.37517],[123.85489,10.37646],[123.85638,10.37662],[123.85722,10.37698],[123.85827,10.377],[123.85961,10.37762],[123.86061,10.37771]],[[123.88811,10.35267],[123.88887,10.3522],[123.8892,10.35176],[123.88916,10.35134],[123.88814,10.35033],[123.88802,10.34999],[123.88818,10.34962],[123.88904,10.34954],[123.8889,10.34859],[123.89099,10.34865],[123.89145,10.34835],[123.89166,10.34778]],[[123.85929,10.39596],[123.85951,10.39545],[123.85897,10.39389],[123.85869,10.39244],[123.8578,10.39059],[123.85804,10.38992],[123.85799,10.38823],[123.85704,10.38752],[123.85572,10.38528],[123.85497,10.38375],[123.85527,10.38312],[123.85517,10.38271],[123.85417,10.38224],[123.85399,10.38193],[123.8553,10.37997],[123.85473,10.37919],[123.85409,10.37881],[123.85366,10.37757],[123.85298,10.37729],[123.85254,10.37681],[123.85221,10.37584]],[[123.84537,10.41666],[123.8459,10.41635],[123.84729,10.41604],[123.84785,10.41555],[123.84931,10.41338],[123.84939,10.41218],[123.84977,10.41108],[123.84995,10.40944],[123.85131,10.40888],[123.85199,10.4079],[123.85322,10.40713],[123.85403,10.40618]],[[123.87368,10.37913],[123.87362,10.3778],[123.87384,10.37656],[123.87351,10.37531],[123.87383,10.37454],[123.87343,10.37407],[123.87328,10.37356],[123.87379,10.37202],[123.8745,10.37153],[123.87512,10.37159],[123.87547,10.37118],[123.87493,10.37046],[123.87482,10.37],[123.87495,10.36964],[123.87561,10.36907],[123.87532,10.36843],[123.87614,10.36763],[123.87712,10.36728],[123.87849,10.36758],[123.8793,10.36698],[123.87976,10.36637],[123.88028,10.36642],[123.88072,10.36623],[123.88115,10.36498],[123.8822,10.36427],[123.88218,10.36393],[123.88181,10.36335]],[[123.81737,10.40979],[123.81806,10.41005],[123.81865,10.40995]],[[123.81865,10.40995],[123.8202,10.40983],[123.82148,10.41024],[123.82257,10.41028],[123.82512,10.40963],[123.82624,10.41002],[123.82804,10.41001],[123.82947,10.41058],[123.83059,10.41124],[123.83033,10.41266],[123.83201,10.41509],[123.83511,10.41626],[123.8375,10.41755],[123.83893,10.41862],[123.84067,10.41911]],[[123.81865,10.40995],[123.81795,10.41027],[123.81737,10.40979]],[[123.8592,10.39661],[123.85929,10.39596]],[[123.85865,10.39768],[123.8592,10.39661]],[[123.8592,10.39661],[123.8592,10.39702],[123.85871,10.39775],[123.85868,10.39817]],[[123.88546,10.35923],[123.88525,10.35861],[123.88456,10.35849],[123.88425,10.35815],[123.88437,10.35739],[123.88408,10.35665]],[[123.88181,10.36335],[123.88151,10.36303],[123.8818,10.36257],[123.88264,10.36253],[123.88315,10.36229],[123.88416,10.36241],[123.88539,10.36151],[123.88553,10.36125],[123.88546,10.35923]],[[123.84067,10.41911],[123.84117,10.41944],[123.8415,10.42014],[123.842,10.42021],[123.84265,10.41762],[123.84328,10.41737],[123.84434,10.41775],[123.84537,10.41666]],[[123.85403,10.40618],[123.85441,10.40552],[123.85368,10.4037],[123.85395,10.40287],[123.85445,10.40216],[123.85477,10.40076],[123.85464,10.39997],[123.85521,10.39977],[123.8561,10.39982],[123.85724,10.39964],[123.8585,10.39885]],[[123.78853,10.42243],[123.79018,10.42132],[123.79246,10.422],[123.79326,10.42185],[123.79387,10.42211],[123.79481,10.42213],[123.79524,10.42183],[123.79576,10.42245],[123.79651,10.42235]],[[123.89183,10.34757],[123.89292,10.34717],[123.89351,10.34667],[123.89362,10.34623],[123.8934,10.34553]]]}},{"type":"Feature","id":"colon-street","properties":{"id":"colon-street","name":"Colon Street","kind":"secondary","at":[123.89427,10.29457],"neighbours":["a-borromeo-street","dionisio-jakosalem-street","junquera-street","leon-kilat-street","osmena-boulevard","p-lopez-street","panganiban-street"]},"geometry":{"type":"MultiLineString","coordinates":[[[123.90325,10.29791],[123.90217,10.2978]],[[123.89654,10.29546],[123.89427,10.29457]],[[123.89819,10.29625],[123.89654,10.29546]],[[123.90123,10.29774],[123.90064,10.29761]],[[123.90064,10.29761],[123.89961,10.29707]]]}},{"type":"Feature","id":"general-echavez-street","properties":{"id":"general-echavez-street","name":"General Echavez Street","kind":"tertiary","at":[123.90346,10.30928],"neighbours":["general-maxilom-avenue","gorordo-avenue","sikatuna-street"]},"geometry":{"type":"MultiLineString","coordinates":[[[123.9014,10.30571],[123.90246,10.30665]],[[123.90346,10.30928],[123.90395,10.31069]],[[123.90255,10.30684],[123.90346,10.30928]]]}},{"type":"Feature","id":"t-abella-street","properties":{"id":"t-abella-street","name":"T. Abella Street","kind":"tertiary","at":[123.89062,10.2949],"neighbours":["b-aranas-street","candido-padilla-street","tres-de-abril-street","tupas-street","vicente-rama-avenue"]},"geometry":{"type":"MultiLineString","coordinates":[[[123.89134,10.29241],[123.89088,10.29389]],[[123.89088,10.29389],[123.89062,10.2948]],[[123.8902,10.2964],[123.89062,10.2949]]]}},{"type":"Feature","id":"francisco-llamas-street","properties":{"id":"francisco-llamas-street","name":"Francisco Llamas Street","kind":"secondary","at":[123.87011,10.29432],"neighbours":["e-sabellano-street","gabriel-elorde-street","katipunan-street","mambaling-underpass","natalio-bacalso-avenue","tres-de-abril-street"]},"geometry":{"type":"MultiLineString","coordinates":[[[123.87062,10.29087],[123.87011,10.29432]],[[123.86987,10.29858],[123.86989,10.29949]],[[123.87011,10.29432],[123.86983,10.29555],[123.86981,10.29758]],[[123.86975,10.29835],[123.86981,10.29758]],[[123.86981,10.29758],[123.86984,10.29835]],[[123.86989,10.29949],[123.86963,10.30096],[123.87055,10.30158]],[[123.86985,10.29921],[123.86977,10.29856]],[[123.8707,10.28986],[123.87062,10.29087]]]}},{"type":"Feature","id":"j-labra-street","properties":{"id":"j-labra-street","name":"J. Labra Street","kind":"secondary","at":[123.88035,10.33113],"neighbours":["sapangdaku-road","vicente-rama-avenue"]},"geometry":{"type":"MultiLineString","coordinates":[[[123.88079,10.3296],[123.88091,10.33002],[123.88035,10.33113],[123.88015,10.33117]],[[123.88002,10.33054],[123.88046,10.32969],[123.88079,10.3296]]]}},{"type":"Feature","id":"don-bernardo-benedicto-avenue","properties":{"id":"don-bernardo-benedicto-avenue","name":"Don Bernardo Benedicto Avenue","kind":"tertiary","at":[123.90976,10.30456],"neighbours":["general-maxilom-avenue-extension","j-de-veyra-street","t-padilla-street"]},"geometry":{"type":"MultiLineString","coordinates":[[[123.90898,10.30191],[123.90976,10.30456]],[[123.90976,10.30456],[123.90992,10.3049],[123.91086,10.30571]]]}},{"type":"Feature","id":"t-padilla-street","properties":{"id":"t-padilla-street","name":"T. Padilla Street","kind":"tertiary","at":[123.90657,10.30192],"neighbours":["don-bernardo-benedicto-avenue","m-j-cuenco-avenue","sikatuna-street"]},"geometry":{"type":"MultiLineString","coordinates":[[[123.90236,10.30165],[123.90371,10.30176]],[[123.9038,10.30176],[123.90657,10.30192]],[[123.90898,10.30191],[123.90991,10.30188],[123.91024,10.30166]],[[123.90657,10.30192],[123.90833,10.30193]]]}},{"type":"Feature","id":"minoza-street","properties":{"id":"minoza-street","name":"Miñoza Street","kind":"secondary","at":[123.91734,10.37187],"neighbours":["bacayan-pit-os-road","san-jose-road"]},"geometry":{"type":"MultiLineString","coordinates":[[[123.91664,10.36971],[123.91655,10.36997],[123.91734,10.37187],[123.91928,10.37479],[123.91957,10.37617]],[[123.92045,10.37953],[123.92066,10.38014]],[[123.92066,10.38014],[123.92081,10.38215],[123.92125,10.38338]],[[123.91957,10.37617],[123.91971,10.37688]],[[123.91971,10.37688],[123.92045,10.37953]]]}},{"type":"Feature","id":"manuel-l-quezon-avenue","properties":{"id":"manuel-l-quezon-avenue","name":"Manuel L. Quezon Avenue","kind":"secondary","at":[123.91714,10.35825],"neighbours":["governor-m-cuenco-avenue"]},"geometry":{"type":"MultiLineString","coordinates":[[[123.91546,10.36019],[123.91606,10.3602]],[[123.91606,10.3602],[123.91667,10.35984],[123.91683,10.35887],[123.91714,10.35825],[123.91905,10.35727],[123.9195,10.35624],[123.92312,10.35234]]]}},{"type":"Feature","id":"cardinal-rosales-avenue","properties":{"id":"cardinal-rosales-avenue","name":"Cardinal Rosales Avenue","kind":"secondary","at":[123.90462,10.31407],"neighbours":["gorordo-avenue","luzon-avenue","mindanao-avenue","pope-john-paul-avenue","samar-loop"]},"geometry":{"type":"MultiLineString","coordinates":[[[123.9055,10.31551],[123.90497,10.31442]],[[123.90273,10.3132],[123.90462,10.31407]],[[123.90907,10.31958],[123.90812,10.31872]],[[123.90799,10.31838],[123.90913,10.31948]],[[123.90933,10.31965],[123.91038,10.32032]],[[123.91073,10.32066],[123.90917,10.31967]],[[123.90323,10.3136],[123.90267,10.31331]],[[123.90687,10.31736],[123.90615,10.31697],[123.90574,10.31625]],[[123.90488,10.31419],[123.90525,10.31456],[123.90561,10.31546]],[[123.90783,10.31837],[123.90687,10.31736]],[[123.90692,10.31726],[123.90792,10.3183]],[[123.90497,10.31442],[123.90415,10.31402]],[[123.90415,10.31402],[123.90323,10.3136]],[[123.9059,10.31637],[123.90634,10.31699],[123.90692,10.31726]]]}},{"type":"Feature","id":"paseo-elisabeth","properties":{"id":"paseo-elisabeth","name":"Paseo Elisabeth","kind":"tertiary","at":[123.89868,10.35716],"neighbours":["paseo-don-sergio","paseo-michel"]},"geometry":{"type":"MultiLineString","coordinates":[[[123.89697,10.36009],[123.89672,10.36028],[123.89653,10.36011],[123.89868,10.35716],[123.89895,10.35657],[123.89866,10.35639]]]}},{"type":"Feature","id":"paseo-don-sergio","properties":{"id":"paseo-don-sergio","name":"Paseo Don Sergio","kind":"tertiary","at":[123.90009,10.35685],"neighbours":["paseo-elisabeth","paseo-eulalia"]},"geometry":{"type":"MultiLineString","coordinates":[[[123.90196,10.35394],[123.90188,10.35586],[123.90165,10.35646],[123.90009,10.35685],[123.89947,10.35813],[123.8971,10.35968],[123.89697,10.36009]]]}},{"type":"Feature","id":"veterans-drive","properties":{"id":"veterans-drive","name":"Veterans Drive","kind":"primary","at":[123.89704,10.335],"neighbours":["cebu-balamban-transcentral-highway","salinas-drive-extension"]},"geometry":{"type":"MultiLineString","coordinates":[[[123.89883,10.33203],[123.89737,10.3331],[123.89657,10.33412],[123.89658,10.33447],[123.89704,10.335],[123.89708,10.33662],[123.89654,10.33897],[123.89679,10.34092],[123.8964,10.34176]],[[123.89475,10.34347],[123.89408,10.34368]],[[123.89408,10.34368],[123.89374,10.34401],[123.8934,10.34553]],[[123.8964,10.34176],[123.89502,10.34336],[123.89475,10.34347]],[[123.89809,10.33115],[123.89881,10.33173],[123.89883,10.33203]]]}},{"type":"Feature","id":"camp-lapu-lapu-road","properties":{"id":"camp-lapu-lapu-road","name":"Camp Lapu-Lapu Road","kind":"tertiary","at":[123.90895,10.34119],"neighbours":["omega-street"]},"geometry":{"type":"MultiLineString","coordinates":[[[123.91106,10.34008],[123.91014,10.34012],[123.90895,10.34119],[123.90786,10.34118]],[[123.90786,10.34118],[123.90762,10.34102],[123.90659,10.34098],[123.90636,10.34056]],[[123.90569,10.33905],[123.90467,10.3378]],[[123.90636,10.34056],[123.90569,10.33905]]]}},{"type":"Feature","id":"geonzon-street","properties":{"id":"geonzon-street","name":"Geonzon Street","kind":"tertiary","at":[123.90468,10.32821],"neighbours":["i-villa-street","salinas-drive"]},"geometry":{"type":"MultiLineString","coordinates":[[[123.90688,10.33181],[123.90659,10.33134]],[[123.9053,10.32925],[123.90468,10.32821]],[[123.90492,10.32842],[123.90536,10.32915]],[[123.90609,10.33053],[123.90551,10.32959]],[[123.90624,10.33057],[123.90679,10.33147]],[[123.90541,10.32924],[123.906,10.33019]]]}},{"type":"Feature","id":"f-vestil-street","properties":{"id":"f-vestil-street","name":"F. Vestil Street","kind":"secondary","at":[123.87862,10.28912],"neighbours":["banog-road","candido-padilla-street","l-gabuya-street","natalio-bacalso-avenue"]},"geometry":{"type":"MultiLineString","coordinates":[[[123.88231,10.28299],[123.88109,10.28412]],[[123.88035,10.28482],[123.88096,10.28412]],[[123.8798,10.28659],[123.87998,10.28597]],[[123.88007,10.286],[123.87989,10.28662]],[[123.87989,10.28662],[123.8787,10.28914],[123.87757,10.29076]],[[123.87747,10.29074],[123.87862,10.28912],[123.8798,10.28659]],[[123.88133,10.28377],[123.8822,10.28296]],[[123.87998,10.28597],[123.88022,10.28513]],[[123.8803,10.28516],[123.88007,10.286]],[[123.88102,10.28418],[123.88042,10.28488]],[[123.88345,10.28192],[123.88239,10.28291]],[[123.88233,10.28285],[123.88305,10.28218]]]}},{"type":"Feature","id":"archbishop-reyes-m-cuenco-flyover","properties":{"id":"archbishop-reyes-m-cuenco-flyover","name":"Archbishop Reyes - M. Cuenco Flyover","kind":"secondary","at":[123.90788,10.32628],"neighbours":["archbishop-reyes-avenue","governor-m-cuenco-avenue","pope-john-paul-avenue"]},"geometry":{"type":"MultiLineString","coordinates":[[[123.90687,10.32505],[123.90788,10.32628],[123.90832,10.32725]]]}},{"type":"Feature","id":"governor-m-cuenco-avenue","properties":{"id":"governor-m-cuenco-avenue","name":"Governor M. Cuenco Avenue","kind":"secondary","at":[123.91506,10.35574],"neighbours":["a-s-fortuna-street","archbishop-reyes-m-cuenco-flyover","budlaan-tac-an-road","manuel-l-quezon-avenue","paseo-saturnino"]},"geometry":{"type":"MultiLineString","coordinates":[[[123.90863,10.32791],[123.90776,10.32622]],[[123.91269,10.34572],[123.91228,10.34372]],[[123.91257,10.34513],[123.91198,10.34164]],[[123.91189,10.34114],[123.91221,10.3426]],[[123.9124,10.3437],[123.91269,10.34572]],[[123.91545,10.36023],[123.91568,10.35864],[123.91511,10.3576],[123.91506,10.35574],[123.91458,10.35457],[123.91375,10.35145]],[[123.91089,10.33529],[123.91058,10.33362]],[[123.9117,10.34],[123.91151,10.3389]],[[123.92326,10.37135],[123.92204,10.37114],[123.92092,10.37043],[123.92009,10.37086],[123.91882,10.36984],[123.91691,10.36934]],[[123.91408,10.36503],[123.91393,10.36572]],[[123.91383,10.36569],[123.91408,10.36503]],[[123.91392,10.36591],[123.91393,10.36695]],[[123.91384,10.36695],[123.91383,10.36593]],[[123.91209,10.34262],[123.91191,10.34157]],[[123.91058,10.33362],[123.91029,10.33221]],[[123.90832,10.32725],[123.90863,10.32791]],[[123.91005,10.33136],[123.90967,10.33037]],[[123.90787,10.32611],[123.90863,10.32791]],[[123.90953,10.33003],[123.90897,10.32872]],[[123.91651,10.3692],[123.91429,10.36784]],[[123.91402,10.36763],[123.91388,10.36705]],[[123.91223,10.34345],[123.91213,10.34283]],[[123.91221,10.3426],[123.91231,10.34318]],[[123.91408,10.36503],[123.91478,10.36426],[123.91537,10.36191],[123.91536,10.36063]],[[123.91375,10.35145],[123.91278,10.34628]],[[123.91269,10.34572],[123.91257,10.34513]],[[123.91127,10.33739],[123.91091,10.3354]]]}},{"type":"Feature","id":"f-sotto-drive","properties":{"id":"f-sotto-drive","name":"F. Sotto Drive","kind":"tertiary","at":[123.90069,10.31302],"neighbours":["dionisio-jakosalem-street","general-maxilom-avenue","gorordo-avenue"]},"geometry":{"type":"MultiLineString","coordinates":[[[123.90143,10.31371],[123.90069,10.31302]],[[123.90044,10.31232],[123.89984,10.31151]],[[123.90069,10.31302],[123.90051,10.31251]],[[123.90167,10.31421],[123.90143,10.31371]],[[123.90178,10.31502],[123.90167,10.31421]]]}},{"type":"Feature","id":"c-rodriguez-street","properties":{"id":"c-rodriguez-street","name":"C. Rodriguez Street","kind":"tertiary","at":[123.8902,10.31042],"neighbours":["b-rodriguez-street"]},"geometry":{"type":"MultiLineString","coordinates":[[[123.89083,10.3086],[123.8902,10.31042]]]}},{"type":"Feature","id":"a-s-fortuna-street","properties":{"id":"a-s-fortuna-street","name":"A. S. Fortuna Street","kind":"secondary","at":[123.91593,10.343],"neighbours":["governor-m-cuenco-avenue"]},"geometry":{"type":"MultiLineString","coordinates":[[[123.91311,10.3436],[123.9124,10.3437]],[[123.91381,10.34344],[123.91593,10.343],[123.92173,10.34055]],[[123.91302,10.34347],[123.91366,10.34337]],[[123.91381,10.34344],[123.91311,10.3436]]]}},{"type":"Feature","id":"salinas-drive","properties":{"id":"salinas-drive","name":"Salinas Drive","kind":"primary","at":[123.89908,10.33068],"neighbours":["archbishop-reyes-avenue","geonzon-street"]},"geometry":{"type":"MultiLineString","coordinates":[[[123.90727,10.32615],[123.90608,10.32701]],[[123.90451,10.32791],[123.89908,10.33068]]]}},{"type":"Feature","id":"bonifacio-street","properties":{"id":"bonifacio-street","name":"Bonifacio Street","kind":"secondary","at":[123.90377,10.30029],"neighbours":["dionisio-jakosalem-street","eduardo-aboitiz-street","m-j-cuenco-avenue","mabini-street","sikatuna-street"]},"geometry":{"type":"MultiLineString","coordinates":[[[123.9064,10.30027],[123.90377,10.30029]],[[123.90304,10.30038],[123.90155,10.30012]],[[123.90377,10.30029],[123.90304,10.30038]]]}},{"type":"Feature","id":"vicente-gullas-street","properties":{"id":"vicente-gullas-street","name":"Vicente Gullas Street","kind":"tertiary","at":[123.90122,10.29683],"neighbours":["dionisio-jakosalem-street","lapu-lapu-street","legaspi-street","m-j-cuenco-avenue","mabini-street","manalili-street"]},"geometry":{"type":"MultiLineString","coordinates":[[[123.90568,10.29647],[123.90437,10.29707]],[[123.90005,10.29629],[123.89952,10.29575]],[[123.90215,10.29691],[123.90122,10.29683],[123.90005,10.29629]],[[123.90437,10.29707],[123.90382,10.2972]],[[123.90382,10.2972],[123.90215,10.29691]]]}},{"type":"Feature","id":"legaspi-street","properties":{"id":"legaspi-street","name":"Legaspi Street","kind":"tertiary","at":[123.90005,10.29629],"neighbours":["dionisio-jakosalem-street","lapu-lapu-street","legaspi-extension","m-j-cuenco-avenue","p-burgos-street","pelaez-street","vicente-gullas-street"]},"geometry":{"type":"MultiLineString","coordinates":[[[123.90487,10.29417],[123.90409,10.29454]],[[123.90409,10.29454],[123.90351,10.29483]],[[123.90178,10.29556],[123.90005,10.29629]],[[123.90336,10.29491],[123.90194,10.2955]],[[123.90005,10.29629],[123.89934,10.29661]]]}},{"type":"Feature","id":"s-cabahug-street","properties":{"id":"s-cabahug-street","name":"S. Cabahug Street","kind":"tertiary","at":[123.91751,10.32074],"neighbours":["m-j-cuenco-avenue","pope-john-paul-avenue","president-roxas-street"]},"geometry":{"type":"MultiLineString","coordinates":[[[123.91909,10.31856],[123.91751,10.32074],[123.91643,10.32153]],[[123.91643,10.32153],[123.91473,10.31963]],[[123.91387,10.31848],[123.9127,10.3176]],[[123.91473,10.31963],[123.91387,10.31848]]]}},{"type":"Feature","id":"c-arellano-boulevard","properties":{"id":"c-arellano-boulevard","name":"C. Arellano Boulevard","kind":"tertiary","at":[123.90829,10.2957],"neighbours":["legaspi-extension","v-sotto-street"]},"geometry":{"type":"MultiLineString","coordinates":[[[123.90703,10.29343],[123.90829,10.2957]],[[123.90889,10.29681],[123.90954,10.29803]],[[123.90829,10.2957],[123.90887,10.29674]]]}},{"type":"Feature","id":"v-sotto-street","properties":{"id":"v-sotto-street","name":"V. Sotto Street","kind":"tertiary","at":[123.9064,10.29835],"neighbours":["c-arellano-boulevard","m-j-cuenco-avenue","zulueta-street"]},"geometry":{"type":"MultiLineString","coordinates":[[[123.91026,10.29766],[123.90954,10.29803]],[[123.90792,10.29849],[123.9064,10.29835]]]}},{"type":"Feature","id":"magallanes-street","properties":{"id":"magallanes-street","name":"Magallanes Street","kind":"tertiary","at":[123.89547,10.29316],"neighbours":["a-borromeo-street","escano-street","f-gonzales-street","lapu-lapu-street","leon-kilat-street","m-j-cuenco-avenue","manalili-street","p-burgos-street","p-lopez-street","panganiban-street","plaridel-street"]},"geometry":{"type":"MultiLineString","coordinates":[[[123.9042,10.29275],[123.90336,10.29307]],[[123.90063,10.29403],[123.89971,10.29428]],[[123.89703,10.29346],[123.89547,10.29316]],[[123.89905,10.29435],[123.8981,10.29379]],[[123.89971,10.29428],[123.89905,10.29435]],[[123.90336,10.29307],[123.90281,10.29327]]]}},{"type":"Feature","id":"lapu-lapu-street","properties":{"id":"lapu-lapu-street","name":"Lapu-Lapu Street","kind":"tertiary","at":[123.90377,10.2939],"neighbours":["cebu-south-coastal-road","legaspi-street","m-c-briones-street","m-l-quezon-boulevard","magallanes-street","osmena-boulevard","vicente-gullas-street"]},"geometry":{"type":"MultiLineString","coordinates":[[[123.90336,10.29307],[123.90377,10.2939]],[[123.90409,10.29454],[123.90446,10.29526]],[[123.90377,10.2939],[123.90409,10.29454]],[[123.90446,10.29526],[123.90479,10.29591]],[[123.90479,10.29591],[123.90518,10.2967]],[[123.90272,10.29152],[123.90304,10.29235]]]}},{"type":"Feature","id":"m-c-briones-street","properties":{"id":"m-c-briones-street","name":"M.C. Briones Street","kind":"tertiary","at":[123.89958,10.29202],"neighbours":["cebu-south-coastal-road","dionisio-jakosalem-street","escano-street","f-calderon-street","lapu-lapu-street","m-j-cuenco-avenue","m-l-quezon-boulevard","p-burgos-street","plaridel-street"]},"geometry":{"type":"MultiLineString","coordinates":[[[123.90387,10.29201],[123.90304,10.29235]],[[123.90304,10.29235],[123.90225,10.29265]],[[123.89751,10.2915],[123.89831,10.29168]],[[123.90225,10.29265],[123.90112,10.29237]],[[123.89831,10.29168],[123.89958,10.29202]],[[123.90044,10.29222],[123.90112,10.29237]]]}},{"type":"Feature","id":"escano-street","properties":{"id":"escano-street","name":"Escaño Street","kind":"tertiary","at":[123.89751,10.2915],"neighbours":["leon-kilat-street","m-c-briones-street","m-l-quezon-boulevard","magallanes-street"]},"geometry":{"type":"MultiLineString","coordinates":[[[123.89735,10.29236],[123.89751,10.2915]],[[123.89751,10.2915],[123.89768,10.29089]],[[123.89729,10.29315],[123.89734,10.29247]]]}},{"type":"Feature","id":"a-borromeo-street","properties":{"id":"a-borromeo-street","name":"A. Borromeo Street","kind":"tertiary","at":[123.89377,10.29664],"neighbours":["colon-street","leon-kilat-street","magallanes-street","manalili-street","p-lopez-street","sanciangko-street"]},"geometry":{"type":"MultiLineString","coordinates":[[[123.89905,10.29435],[123.89809,10.29478]],[[123.89654,10.29546],[123.89377,10.29664]],[[123.89781,10.2949],[123.89683,10.29533]]]}},{"type":"Feature","id":"f-urot-street","properties":{"id":"f-urot-street","name":"F. Urot Street","kind":"secondary","at":[123.92278,10.31396],"neighbours":["f-cabahug-street","kaohsiung-street"]},"geometry":{"type":"MultiLineString","coordinates":[[[123.92153,10.31282],[123.92061,10.31208]],[[123.92156,10.31284],[123.92278,10.31396]],[[123.92271,10.31401],[123.92154,10.31287]]]}},{"type":"Feature","id":"luzon-avenue","properties":{"id":"luzon-avenue","name":"Luzon Avenue","kind":"tertiary","at":[123.90444,10.31649],"neighbours":["archbishop-reyes-avenue","cardinal-rosales-avenue"]},"geometry":{"type":"MultiLineString","coordinates":[[[123.90256,10.31767],[123.90322,10.31736]],[[123.90322,10.31736],[123.90395,10.31684]],[[123.90327,10.31746],[123.90261,10.31778]],[[123.90481,10.31649],[123.9041,10.31687]],[[123.90574,10.31625],[123.90513,10.31641]],[[123.90395,10.31684],[123.90444,10.31649],[123.90533,10.31625]],[[123.90392,10.31704],[123.90327,10.31746]]]}},{"type":"Feature","id":"mactan-road","properties":{"id":"mactan-road","name":"Mactan Road","kind":"tertiary","at":[123.90932,10.31242],"neighbours":["leyte-loop","m-j-cuenco-avenue"]},"geometry":{"type":"MultiLineString","coordinates":[[[123.90907,10.31396],[123.90948,10.31333],[123.90932,10.31242],[123.90986,10.31186]]]}},{"type":"Feature","id":"mindanao-avenue","properties":{"id":"mindanao-avenue","name":"Mindanao Avenue","kind":"tertiary","at":[123.90594,10.31994],"neighbours":["archbishop-reyes-avenue","cardinal-rosales-avenue","n-escario-street","samar-loop"]},"geometry":{"type":"MultiLineString","coordinates":[[[123.90583,10.32003],[123.90548,10.32019],[123.90469,10.32016]],[[123.90577,10.31994],[123.90715,10.31891]],[[123.90453,10.32019],[123.90393,10.32044]],[[123.90739,10.31886],[123.90594,10.31994]],[[123.90477,10.32003],[123.90556,10.32005]],[[123.90732,10.31877],[123.90783,10.31837]]]}},{"type":"Feature","id":"jose-maria-del-mar-avenue","properties":{"id":"jose-maria-del-mar-avenue","name":"Jose Maria Del Mar Avenue","kind":"tertiary","at":[123.90849,10.33112],"neighbours":["i-villa-street"]},"geometry":{"type":"MultiLineString","coordinates":[[[123.91043,10.3355],[123.91013,10.33501]],[[123.90914,10.33258],[123.90889,10.332]],[[123.90981,10.33428],[123.90948,10.33344]],[[123.90889,10.332],[123.90849,10.33112]],[[123.90936,10.33314],[123.90916,10.33262]],[[123.91013,10.33501],[123.90981,10.33428]]]}},{"type":"Feature","id":"eduardo-aboitiz-street","properties":{"id":"eduardo-aboitiz-street","name":"Eduardo Aboitiz Street","kind":"secondary","at":[123.90635,10.30001],"neighbours":["bonifacio-street","m-j-cuenco-avenue","mabini-street"]},"geometry":{"type":"MultiLineString","coordinates":[[[123.90389,10.29947],[123.90635,10.30001]]]}},{"type":"Feature","id":"general-maxilom-avenue","properties":{"id":"general-maxilom-avenue","name":"General Maxilom Avenue","kind":"secondary","at":[123.90641,10.30921],"neighbours":["dionisio-jakosalem-street","f-ramos-street","f-sotto-drive","fuente-osmena-circle","general-echavez-street","gorordo-avenue"]},"geometry":{"type":"MultiLineString","coordinates":[[[123.89382,10.30976],[123.89439,10.30991]],[[123.9007,10.31154],[123.90159,10.31145]],[[123.90416,10.31056],[123.90641,10.30921]],[[123.89542,10.31024],[123.89689,10.31074]],[[123.89919,10.31141],[123.89984,10.31151]],[[123.89984,10.31151],[123.90058,10.31154]],[[123.90189,10.31141],[123.90355,10.31088]],[[123.89689,10.31074],[123.89919,10.31141]]]}},{"type":"Feature","id":"j-llorente-street","properties":{"id":"j-llorente-street","name":"J. Llorente Street","kind":"tertiary","at":[123.89414,10.31063],"neighbours":["don-gil-garcia-street","don-mariano-cui-street","governor-m-roa-street","juana-osmena-street","osmena-boulevard"]},"geometry":{"type":"MultiLineString","coordinates":[[[123.89153,10.3109],[123.89061,10.31057]],[[123.89527,10.31101],[123.89414,10.31063]],[[123.89372,10.31168],[123.89271,10.31132]],[[123.89257,10.31127],[123.89153,10.3109]],[[123.89414,10.31063],[123.89372,10.31168]]]}},{"type":"Feature","id":"v-ranudo-street","properties":{"id":"v-ranudo-street","name":"V. Ranudo Street","kind":"tertiary","at":[123.89658,10.30698],"neighbours":["dionisio-jakosalem-street","f-ramos-street"]},"geometry":{"type":"MultiLineString","coordinates":[[[123.89894,10.30762],[123.89658,10.30698]],[[123.89894,10.30762],[123.89905,10.30724],[123.89969,10.30733]]]}},{"type":"Feature","id":"legaspi-extension","properties":{"id":"legaspi-extension","name":"Legaspi Extension","kind":"tertiary","at":[123.90589,10.29391],"neighbours":["c-arellano-boulevard","legaspi-street","m-j-cuenco-avenue","sergio-osmena-avenue"]},"geometry":{"type":"MultiLineString","coordinates":[[[123.90496,10.29437],[123.90589,10.29391]],[[123.90697,10.29333],[123.90761,10.29299]],[[123.90703,10.29343],[123.90643,10.29378]],[[123.90771,10.29305],[123.90703,10.29343]],[[123.90612,10.29378],[123.90697,10.29333]],[[123.90596,10.29403],[123.9053,10.29437]]]}},{"type":"Feature","id":"f-jaca-street","properties":{"id":"f-jaca-street","name":"F. Jaca Street","kind":"tertiary","at":[123.85635,10.27022],"neighbours":["a-gabuya-street","i-tabura-street","l-gabuya-street","natalio-bacalso-avenue","rosal-street"]},"geometry":{"type":"MultiLineString","coordinates":[[[123.85816,10.28265],[123.85735,10.27689]],[[123.85627,10.26969],[123.85614,10.26817],[123.85632,10.26531]],[[123.85735,10.27689],[123.85635,10.27022]]]}},{"type":"Feature","id":"cebu-south-coastal-road","properties":{"id":"cebu-south-coastal-road","name":"Cebu South Coastal Road","kind":"secondary","at":[123.9024,10.29093],"neighbours":["lapu-lapu-street","m-c-briones-street","m-j-cuenco-avenue","m-l-quezon-boulevard"]},"geometry":{"type":"MultiLineString","coordinates":[[[123.90356,10.29144],[123.90319,10.29122],[123.90259,10.29119]],[[123.89947,10.29025],[123.9024,10.29093]],[[123.9024,10.29093],[123.90329,10.29119],[123.90356,10.29144]],[[123.90088,10.29093],[123.89991,10.29066],[123.89941,10.29032]],[[123.90259,10.29119],[123.90088,10.29093]],[[123.90387,10.29201],[123.90356,10.29144]]]}},{"type":"Feature","id":"imus-avenue","properties":{"id":"imus-avenue","name":"Imus Avenue","kind":"primary","at":[123.90559,10.30691],"neighbours":["general-maxilom-avenue-extension","m-j-cuenco-avenue","sikatuna-street"]},"geometry":{"type":"MultiLineString","coordinates":[[[123.90214,10.30202],[123.90352,10.30388]],[[123.90367,10.30408],[123.90468,10.30544]],[[123.90548,10.30678],[123.90468,10.3057]],[[123.9057,10.30683],[123.90691,10.30831]],[[123.90713,10.30876],[123.90559,10.30691]],[[123.9044,10.30533],[123.90356,10.30416]],[[123.90468,10.30544],[123.90505,10.30594]],[[123.90342,10.30397],[123.90243,10.30259]],[[123.90505,10.30594],[123.90547,10.30651]]]}},{"type":"Feature","id":"r-r-landon-street","properties":{"id":"r-r-landon-street","name":"R. R. Landon Street","kind":"tertiary","at":[123.89906,10.30324],"neighbours":["dionisio-jakosalem-street","junquera-street","osmena-boulevard"]},"geometry":{"type":"MultiLineString","coordinates":[[[123.89779,10.30279],[123.89906,10.30324],[123.90013,10.30337]],[[123.89597,10.30214],[123.89771,10.30276]]]}},{"type":"Feature","id":"l-gabuya-street","properties":{"id":"l-gabuya-street","name":"L. Gabuya Street","kind":"tertiary","at":[123.86851,10.28488],"neighbours":["a-gabuya-street","candido-padilla-street","colonel-a-cabreros-street","f-jaca-street","f-vestil-street","mambaling-flyover","natalio-bacalso-avenue"]},"geometry":{"type":"MultiLineString","coordinates":[[[123.87747,10.29074],[123.8762,10.29036],[123.87435,10.28906]],[[123.8591,10.27354],[123.85732,10.27127]],[[123.85987,10.27464],[123.8591,10.27354]],[[123.87401,10.28882],[123.87095,10.28663]],[[123.87078,10.28651],[123.86851,10.28488],[123.86618,10.2826]],[[123.85726,10.27108],[123.85657,10.27022],[123.85635,10.27022]],[[123.86219,10.27751],[123.85992,10.2746]],[[123.86528,10.28145],[123.86385,10.27964]],[[123.86618,10.2826],[123.86528,10.28145]],[[123.86375,10.27952],[123.86219,10.27751]]]}},{"type":"Feature","id":"bonbon-sudlon-road","properties":{"id":"bonbon-sudlon-road","name":"Bonbon-Sudlon Road","kind":"tertiary","at":[123.79924,10.37295],"neighbours":["buot-taop-road","cebu-balamban-transcentral-highway","sudlon-road"]},"geometry":{"type":"MultiLineString","coordinates":[[[123.8522,10.37549],[123.85211,10.37505],[123.85174,10.37479],[123.85118,10.37456],[123.85069,10.37465],[123.85004,10.37411],[123.84958,10.37413]],[[123.84958,10.37413],[123.84805,10.374],[123.84723,10.3737],[123.8451,10.37206],[123.84408,10.37156],[123.84258,10.37167],[123.84078,10.37032],[123.84013,10.3702],[123.83897,10.37041]],[[123.83521,10.3693],[123.83476,10.36906],[123.83408,10.36831],[123.83308,10.36852],[123.8323,10.36842],[123.8306,10.36686],[123.82977,10.36693],[123.82907,10.36662]],[[123.82882,10.3664],[123.82824,10.3657]],[[123.78658,10.37188],[123.78707,10.37236],[123.78709,10.37288],[123.7876,10.37411],[123.78815,10.37455],[123.78937,10.37459],[123.79019,10.37607],[123.79127,10.37583],[123.79351,10.37433],[123.79539,10.37395],[123.79606,10.37419],[123.79696,10.37411],[123.79821,10.37369],[123.79924,10.37295],[123.79972,10.37286],[123.80024,10.37299],[123.80189,10.3723],[123.80335,10.37205],[123.80497,10.37197],[123.80607,10.3725],[123.80715,10.37235],[123.80818,10.37278],[123.80906,10.37279],[123.80957,10.37331],[123.81016,10.37324],[123.81158,10.37374]],[[123.82824,10.3657],[123.82774,10.3656],[123.82732,10.3658],[123.82685,10.36635],[123.82664,10.36718],[123.82488,10.36687],[123.82374,10.3669],[123.82372,10.36746],[123.82313,10.36752],[123.82293,10.36775],[123.82345,10.36875],[123.82332,10.36903],[123.82211,10.36919],[123.82057,10.36984],[123.81827,10.37003],[123.8181,10.37038],[123.81825,10.37075],[123.81808,10.37098],[123.81684,10.37101],[123.81616,10.37062],[123.81587,10.37061],[123.81521,10.37116],[123.81534,10.37197],[123.8152,10.37228],[123.81463,10.37268],[123.81367,10.37292],[123.81358,10.37379],[123.81252,10.37393],[123.81158,10.37374]],[[123.83897,10.37041],[123.8376,10.36981],[123.83619,10.36961],[123.83569,10.36985],[123.83537,10.36936]]]}},{"type":"Feature","id":"udlom-sinsin-road","properties":{"id":"udlom-sinsin-road","name":"Udlom-Sinsin Road","kind":"tertiary","at":[123.78446,10.35989],"neighbours":[]},"geometry":{"type":"MultiLineString","coordinates":[[[123.77915,10.35371],[123.77966,10.35391],[123.78039,10.35461],[123.78083,10.35547],[123.78132,10.35583],[123.78132,10.35622],[123.78307,10.35744],[123.78347,10.35804]],[[123.78161,10.34885],[123.78103,10.34933],[123.77985,10.35132],[123.77958,10.35203],[123.77959,10.35309],[123.7792,10.35337]],[[123.78107,10.34498],[123.78061,10.34528],[123.78057,10.34561],[123.78064,10.34588],[123.78122,10.34632],[123.78185,10.34727],[123.78161,10.34885]],[[123.78861,10.36179],[123.78654,10.36161],[123.78574,10.36057],[123.78446,10.35989],[123.78376,10.35885],[123.78347,10.35804]]]}},{"type":"Feature","id":"e-sabellano-street","properties":{"id":"e-sabellano-street","name":"E. Sabellano Street","kind":"tertiary","at":[123.86035,10.29268],"neighbours":["e-corro-street","francisco-llamas-street","i-tabura-street","macopa-street","tres-de-abril-street"]},"geometry":{"type":"MultiLineString","coordinates":[[[123.87011,10.29432],[123.86882,10.29363],[123.8657,10.29278]],[[123.85867,10.28894],[123.85835,10.28847],[123.85752,10.28789],[123.85586,10.28624],[123.85509,10.28589],[123.85477,10.28538],[123.85487,10.28421],[123.85577,10.28323],[123.8559,10.28253]],[[123.86544,10.29276],[123.86346,10.29261],[123.86179,10.29306],[123.86035,10.29268],[123.85949,10.29158],[123.85867,10.28894]],[[123.85533,10.28128],[123.85469,10.28067]],[[123.8559,10.28253],[123.85574,10.28174],[123.85533,10.28128]]]}},{"type":"Feature","id":"buhisan-road","properties":{"id":"buhisan-road","name":"Buhisan Road","kind":"tertiary","at":[123.85643,10.33525],"neighbours":[]},"geometry":{"type":"MultiLineString","coordinates":[[[123.83991,10.32714],[123.84029,10.32688],[123.84059,10.32711],[123.84095,10.32783],[123.84122,10.3279],[123.84182,10.32682],[123.8418,10.32646],[123.84137,10.32608],[123.84124,10.32552],[123.84087,10.32534],[123.84122,10.32478],[123.84112,10.32437],[123.84144,10.32402],[123.84112,10.3227],[123.84168,10.32164],[123.84042,10.31936],[123.84025,10.31838],[123.8398,10.31784],[123.83974,10.31685],[123.83999,10.31624],[123.8396,10.31544],[123.83983,10.31427],[123.83877,10.31259],[123.8389,10.31221],[123.83957,10.31201],[123.83968,10.31179],[123.83919,10.31085]],[[123.84756,10.31164],[123.84776,10.31199],[123.84796,10.31199],[123.84833,10.31139],[123.84866,10.31197],[123.84862,10.31162],[123.84911,10.31114],[123.84974,10.31126],[123.84964,10.31175]],[[123.83758,10.30911],[123.83868,10.30898],[123.83919,10.30851],[123.83961,10.30773],[123.83999,10.30747]],[[123.8665,10.33527],[123.86676,10.33322],[123.86751,10.33306],[123.86752,10.33277],[123.86707,10.33274],[123.86645,10.3323],[123.86484,10.3318],[123.86438,10.33123],[123.86351,10.33207],[123.86307,10.33207],[123.86224,10.33161],[123.86224,10.33064],[123.86179,10.33022],[123.86048,10.33004],[123.85979,10.32933],[123.85862,10.32934],[123.85833,10.32951],[123.85814,10.33021],[123.85741,10.33103],[123.85702,10.33188],[123.85705,10.33249],[123.858,10.33315],[123.85804,10.33396],[123.85682,10.33435],[123.85643,10.33525],[123.85581,10.33562],[123.8557,10.33596],[123.85444,10.3358],[123.85358,10.33617],[123.85254,10.33565],[123.85193,10.33596],[123.85179,10.3368],[123.8501,10.33663],[123.84903,10.33721],[123.84892,10.33783],[123.84875,10.33794],[123.8469,10.33793],[123.84644,10.33757],[123.84575,10.33799],[123.84431,10.33774],[123.84297,10.33705],[123.84248,10.33654],[123.84186,10.33465],[123.84186,10.33296],[123.84086,10.33249],[123.83951,10.33001],[123.83953,10.32771],[123.83991,10.32714]],[[123.84964,10.31175],[123.85013,10.31162],[123.85084,10.31061]],[[123.86627,10.29691],[123.86675,10.29657],[123.86745,10.29683],[123.86849,10.29669]],[[123.8509,10.3104],[123.85114,10.30947],[123.8521,10.30988],[123.85223,10.30928],[123.85329,10.30847],[123.85347,10.30754],[123.85384,10.30738]],[[123.86035,10.30249],[123.86079,10.30122],[123.86182,10.29988],[123.8633,10.29856],[123.86499,10.29812],[123.86627,10.29691]],[[123.83919,10.31085],[123.83848,10.30972],[123.83764,10.30935]],[[123.83999,10.30747],[123.84064,10.3072],[123.84213,10.30752],[123.84325,10.30748],[123.84467,10.30816],[123.84586,10.30848],[123.84674,10.30949],[123.84756,10.31164]],[[123.85384,10.30738],[123.8544,10.30734]],[[123.8544,10.30734],[123.8548,10.30717],[123.8559,10.30712],[123.85757,10.30636],[123.85816,10.30578],[123.859,10.30424],[123.85966,10.30359]],[[123.85966,10.30359],[123.86035,10.30296]]]}},{"type":"Feature","id":"katipunan-street","properties":{"id":"katipunan-street","name":"Katipunan Street","kind":"secondary","at":[123.87692,10.30004],"neighbours":["a-lopez-street","francisco-llamas-street","natalio-bacalso-avenue","salvador-extension","tres-de-abril-street","vicente-rama-avenue"]},"geometry":{"type":"MultiLineString","coordinates":[[[123.87066,10.30155],[123.87692,10.30004]],[[123.88806,10.29732],[123.88735,10.29748]],[[123.88726,10.2975],[123.88506,10.29805]],[[123.88029,10.29922],[123.88506,10.29805]],[[123.87711,10.3],[123.87835,10.2997]],[[123.87907,10.29952],[123.88029,10.29922]]]}},{"type":"Feature","id":"sapangdaku-road","properties":{"id":"sapangdaku-road","name":"Sapangdaku Road","kind":"tertiary","at":[123.86449,10.33797],"neighbours":["j-labra-street","kalunasan-road"]},"geometry":{"type":"MultiLineString","coordinates":[[[123.87909,10.33092],[123.87678,10.33098],[123.87525,10.33174],[123.87437,10.33169]],[[123.8722,10.33526],[123.87145,10.33601],[123.86999,10.33559],[123.86968,10.33497],[123.86901,10.3349],[123.86855,10.33446],[123.86786,10.3344],[123.8668,10.33562]],[[123.86502,10.34215],[123.86466,10.34153],[123.86493,10.34041],[123.86468,10.33848],[123.86407,10.33809],[123.86449,10.33797],[123.86537,10.33681],[123.86584,10.33694],[123.86605,10.3368],[123.8664,10.33587],[123.8668,10.33562]],[[123.87412,10.33179],[123.87345,10.33192],[123.87314,10.33259],[123.87252,10.33297],[123.87245,10.33338],[123.87291,10.33414],[123.87293,10.33465],[123.87249,10.33524],[123.87229,10.33526]],[[123.8799,10.33088],[123.87909,10.33092]]]}},{"type":"Feature","id":"tres-de-abril-street","properties":{"id":"tres-de-abril-street","name":"Tres de Abril Street","kind":"secondary","at":[123.87587,10.2968],"neighbours":["a-lopez-street","candido-padilla-street","carlock-street","e-sabellano-street","francisco-llamas-street","katipunan-street","lakandula-street","natalio-bacalso-avenue","pablo-s-atillo-street","sanciangko-street","t-abella-street","tupas-street","vicente-rama-avenue"]},"geometry":{"type":"MultiLineString","coordinates":[[[123.88515,10.29773],[123.88577,10.2968]],[[123.89164,10.29595],[123.89052,10.29627]],[[123.8929,10.29517],[123.89164,10.29595]],[[123.88582,10.2967],[123.88611,10.29634],[123.88647,10.29636]],[[123.89483,10.29302],[123.89363,10.29417]],[[123.87845,10.29746],[123.87772,10.2974],[123.87587,10.2968],[123.87368,10.29649],[123.87011,10.29432]],[[123.8793,10.29755],[123.87867,10.29746]],[[123.89006,10.29656],[123.88952,10.29698],[123.88884,10.29688]],[[123.88862,10.29683],[123.88647,10.29636]],[[123.8929,10.29517],[123.89342,10.29428]],[[123.88498,10.29773],[123.88234,10.29766],[123.88097,10.29742],[123.88009,10.2976],[123.8793,10.29755]]]}},{"type":"Feature","id":"agpasan-binaliw-cebu-city-road","properties":{"id":"agpasan-binaliw-cebu-city-road","name":"Agpasan-Binaliw-Cebu City Road","kind":"secondary","at":[123.91603,10.41401],"neighbours":["bacayan-pit-os-road"]},"geometry":{"type":"MultiLineString","coordinates":[[[123.91725,10.41068],[123.91715,10.4111],[123.91777,10.41168],[123.91778,10.41211],[123.91707,10.41266],[123.91637,10.41277],[123.91603,10.41401],[123.91537,10.41443],[123.9155,10.41528],[123.91641,10.41545],[123.91657,10.41607],[123.91585,10.41675],[123.91544,10.41844]],[[123.92047,10.40357],[123.92017,10.40426],[123.91894,10.40526],[123.91853,10.40633],[123.91802,10.40639],[123.91737,10.40693],[123.91686,10.40711],[123.91685,10.40758],[123.91764,10.40768],[123.91864,10.40859],[123.91862,10.40914]],[[123.91862,10.40914],[123.91834,10.40971],[123.91725,10.41068]]]}},{"type":"Feature","id":"a-soriano-jr-avenue","properties":{"id":"a-soriano-jr-avenue","name":"A. Soriano Jr. Avenue","kind":"tertiary","at":[123.91619,10.31232],"neighbours":["f-cabahug-street","general-maxilom-avenue-extension","juan-luna-avenue","kaohsiung-street"]},"geometry":{"type":"MultiLineString","coordinates":[[[123.90982,10.30712],[123.91619,10.31232]],[[123.91648,10.31256],[123.91693,10.31293]],[[123.9178,10.31364],[123.91693,10.31293]],[[123.91864,10.3143],[123.9178,10.31364]]]}},{"type":"Feature","id":"mambaling-underpass","properties":{"id":"mambaling-underpass","name":"Mambaling Underpass","kind":"primary","at":[123.8711,10.2898],"neighbours":["colonel-a-cabreros-street","francisco-llamas-street","natalio-bacalso-avenue"]},"geometry":{"type":"MultiLineString","coordinates":[[[123.86971,10.28966],[123.86816,10.28927]],[[123.8711,10.2898],[123.86971,10.28966]],[[123.87274,10.28987],[123.8711,10.2898]]]}},{"type":"Feature","id":"pope-john-paul-avenue","properties":{"id":"pope-john-paul-avenue","name":"Pope John Paul Ⅱ Avenue","kind":"primary","at":[123.91142,10.31969],"neighbours":["archbishop-reyes-avenue","archbishop-reyes-m-cuenco-flyover","cardinal-rosales-avenue","juan-luna-avenue","m-j-cuenco-avenue","s-cabahug-street"]},"geometry":{"type":"MultiLineString","coordinates":[[[123.91473,10.3143],[123.91142,10.31969]],[[123.91078,10.32057],[123.91263,10.31755]],[[123.91079,10.3207],[123.91019,10.32168]],[[123.91033,10.32131],[123.91073,10.32066]],[[123.90822,10.32474],[123.90991,10.322]],[[123.91019,10.32168],[123.90829,10.32479]],[[123.90829,10.32479],[123.90773,10.32569]],[[123.90766,10.32566],[123.90822,10.32474]],[[123.91263,10.31755],[123.91445,10.31462]],[[123.91142,10.31969],[123.91084,10.32061]]]}},{"type":"Feature","id":"sergio-osmena-avenue","properties":{"id":"sergio-osmena-avenue","name":"Sergio Osmeña Avenue","kind":"tertiary","at":[123.90596,10.29403],"neighbours":["legaspi-extension"]},"geometry":{"type":"MultiLineString","coordinates":[[[123.90715,10.29611],[123.90596,10.29403]],[[123.90619,10.29391],[123.90725,10.29605]]]}},{"type":"Feature","id":"cpdrc","properties":{"id":"cpdrc","name":"CPDRC","kind":"tertiary","at":[123.8805,10.33551],"neighbours":[]},"geometry":{"type":"MultiLineString","coordinates":[[[123.87954,10.33877],[123.88045,10.33869]],[[123.88025,10.33693],[123.88015,10.3364],[123.8805,10.33551],[123.88055,10.33482]],[[123.88047,10.33746],[123.88025,10.33693]],[[123.88052,10.33863],[123.88038,10.33803],[123.88047,10.33746]],[[123.88055,10.33482],[123.88087,10.33455],[123.88193,10.33455]]]}},{"type":"Feature","id":"budlaan-tac-an-road","properties":{"id":"budlaan-tac-an-road","name":"Budlaan Tac-an Road","kind":"tertiary","at":[123.89995,10.37068],"neighbours":["budlaan-road","governor-m-cuenco-avenue"]},"geometry":{"type":"MultiLineString","coordinates":[[[123.91367,10.36747],[123.91168,10.3665],[123.91098,10.36641],[123.90836,10.36734],[123.9077,10.36859],[123.90703,10.3691],[123.90501,10.36922],[123.90382,10.36892],[123.90241,10.36954],[123.90114,10.36951],[123.90061,10.36985],[123.89995,10.37068],[123.89913,10.3709],[123.89884,10.37287],[123.89791,10.37384],[123.89605,10.37477],[123.89456,10.37504],[123.8942,10.37497],[123.89402,10.37465],[123.8938,10.3746],[123.89353,10.37509],[123.89335,10.37513],[123.89248,10.37463]],[[123.89248,10.37463],[123.89176,10.37491],[123.89138,10.37621],[123.89164,10.37687],[123.89151,10.37729],[123.89195,10.37784],[123.89187,10.37848],[123.89202,10.37895],[123.89172,10.37904],[123.89175,10.37954],[123.89118,10.38014]]]}},{"type":"Feature","id":"b-rodriguez-street","properties":{"id":"b-rodriguez-street","name":"B. Rodriguez Street","kind":"secondary","at":[123.88876,10.30806],"neighbours":["c-rodriguez-street","don-mariano-cui-street","fuente-osmena-circle"]},"geometry":{"type":"MultiLineString","coordinates":[[[123.89083,10.3086],[123.88876,10.30806]],[[123.88843,10.30804],[123.88712,10.30794]],[[123.89251,10.30922],[123.89083,10.3086]]]}},{"type":"Feature","id":"f-ramos-street","properties":{"id":"f-ramos-street","name":"F. Ramos Street","kind":"tertiary","at":[123.89798,10.30511],"neighbours":["general-maxilom-avenue","junquera-street","v-ranudo-street"]},"geometry":{"type":"MultiLineString","coordinates":[[[123.895,10.30906],[123.89593,10.30784]],[[123.89593,10.30784],[123.89658,10.30698]],[[123.89666,10.30686],[123.89798,10.30511]],[[123.89439,10.30991],[123.89497,10.30909]]]}},{"type":"Feature","id":"justice-street","properties":{"id":"justice-street","name":"Justice Street","kind":"tertiary","at":[123.89048,10.32954],"neighbours":["dona-modesta-gaisano-street","friendship-street","villalon-drive"]},"geometry":{"type":"MultiLineString","coordinates":[[[123.89232,10.33052],[123.89192,10.33053],[123.89137,10.33004]],[[123.88995,10.3289],[123.89048,10.32954],[123.89138,10.32989]]]}},{"type":"Feature","id":"toledo-tabunok-road","properties":{"id":"toledo-tabunok-road","name":"Toledo - Tabunok Road","kind":"secondary","at":[123.8185,10.29291],"neighbours":[]},"geometry":{"type":"MultiLineString","coordinates":[[[123.82084,10.31924],[123.82068,10.31991]],[[123.82547,10.27585],[123.8268,10.27757],[123.82715,10.27852],[123.82715,10.27969],[123.82688,10.28027],[123.8264,10.28042],[123.82583,10.2811],[123.82433,10.28114],[123.82359,10.28257],[123.82162,10.28312],[123.82048,10.28386],[123.81999,10.28464],[123.81957,10.2875],[123.81957,10.28886],[123.8185,10.29291],[123.81882,10.29401],[123.81854,10.29566],[123.81862,10.29719],[123.81832,10.29807],[123.81817,10.29987],[123.81675,10.30202],[123.8162,10.30392],[123.81528,10.30498],[123.8151,10.30542],[123.81515,10.30645],[123.81626,10.31085],[123.81758,10.313],[123.81875,10.31769],[123.82084,10.31924]]]}},{"type":"Feature","id":"bacayan-pit-os-road","properties":{"id":"bacayan-pit-os-road","name":"Bacayan - Pit-os Road","kind":"secondary","at":[123.92176,10.39545],"neighbours":["agpasan-binaliw-cebu-city-road","minoza-street"]},"geometry":{"type":"MultiLineString","coordinates":[[[123.92132,10.38671],[123.92175,10.38997],[123.92166,10.39135],[123.92282,10.39336],[123.92261,10.39405],[123.92201,10.39475],[123.92176,10.39545],[123.92157,10.39814],[123.92104,10.40042],[123.92088,10.40068],[123.92012,10.40086],[123.91984,10.40145],[123.92047,10.40357]],[[123.92125,10.38338],[123.92147,10.38402],[123.92132,10.38671]]]}},{"type":"Feature","id":"plaridel-street","properties":{"id":"plaridel-street","name":"Plaridel Street","kind":"tertiary","at":[123.89966,10.29315],"neighbours":["m-c-briones-street","m-l-quezon-boulevard","magallanes-street"]},"geometry":{"type":"MultiLineString","coordinates":[[[123.90032,10.2954],[123.89966,10.29315]],[[123.8994,10.29196],[123.89958,10.29132]],[[123.89966,10.29315],[123.89938,10.2921]]]}},{"type":"Feature","id":"panganiban-street","properties":{"id":"panganiban-street","name":"Panganiban Street","kind":"tertiary","at":[123.89415,10.29453],"neighbours":["colon-street","magallanes-street","natalio-bacalso-avenue","sanciangko-street"]},"geometry":{"type":"MultiLineString","coordinates":[[[123.89427,10.29457],[123.8954,10.29324]],[[123.89259,10.29631],[123.89415,10.29453]],[[123.89259,10.29631],[123.89242,10.29689],[123.89204,10.29738]],[[123.89204,10.29738],[123.89155,10.29794]]]}},{"type":"Feature","id":"p-burgos-street","properties":{"id":"p-burgos-street","name":"P. Burgos Street","kind":"tertiary","at":[123.90191,10.29187],"neighbours":["legaspi-street","m-c-briones-street","m-l-quezon-boulevard","mabini-street","magallanes-street","osmena-boulevard"]},"geometry":{"type":"MultiLineString","coordinates":[[[123.90225,10.29265],[123.90191,10.29187]],[[123.90303,10.29422],[123.90278,10.29369]],[[123.90365,10.29565],[123.90336,10.29491]],[[123.90249,10.29318],[123.90225,10.29265]],[[123.90336,10.29491],[123.90303,10.29422]]]}},{"type":"Feature","id":"lakandula-street","properties":{"id":"lakandula-street","name":"Lakandula Street","kind":"tertiary","at":[123.89242,10.29257],"neighbours":["candido-padilla-street","sanciangko-street","tres-de-abril-street","tupas-street"]},"geometry":{"type":"MultiLineString","coordinates":[[[123.89164,10.29595],[123.89181,10.29501]],[[123.89207,10.29404],[123.89242,10.29257]],[[123.89181,10.29501],[123.89207,10.29404]]]}},{"type":"Feature","id":"b-aranas-street","properties":{"id":"b-aranas-street","name":"B. Aranas Street","kind":"tertiary","at":[123.89062,10.2949],"neighbours":["carlock-street","j-m-basa-street","t-abella-street","vicente-rama-avenue"]},"geometry":{"type":"MultiLineString","coordinates":[[[123.88681,10.2944],[123.89062,10.2949]]]}},{"type":"Feature","id":"j-urgello-street","properties":{"id":"j-urgello-street","name":"J. Urgello Street","kind":"tertiary","at":[123.89382,10.30007],"neighbours":["j-alcantara-street","v-urgello-street"]},"geometry":{"type":"MultiLineString","coordinates":[[[123.89393,10.29921],[123.89382,10.30007],[123.89322,10.30163]],[[123.8924,10.3047],[123.89286,10.30351]],[[123.89322,10.30163],[123.89286,10.30351]]]}},{"type":"Feature","id":"v-urgello-street","properties":{"id":"v-urgello-street","name":"V. Urgello Street","kind":"tertiary","at":[123.89306,10.30492],"neighbours":["j-urgello-street","osmena-boulevard"]},"geometry":{"type":"MultiLineString","coordinates":[[[123.89459,10.30559],[123.89306,10.30492]],[[123.89306,10.30492],[123.8924,10.3047]]]}},{"type":"Feature","id":"m-l-quezon-boulevard","properties":{"id":"m-l-quezon-boulevard","name":"M.L. Quezon Boulevard","kind":"tertiary","at":[123.90017,10.29147],"neighbours":["cebu-south-coastal-road","dionisio-jakosalem-street","escano-street","f-calderon-street","lapu-lapu-street","m-c-briones-street","m-j-cuenco-avenue","p-burgos-street","plaridel-street"]},"geometry":{"type":"MultiLineString","coordinates":[[[123.90122,10.29169],[123.90191,10.29187]],[[123.90372,10.29169],[123.90319,10.29144],[123.90272,10.29152]],[[123.90027,10.29146],[123.90122,10.29169]],[[123.89849,10.29105],[123.90017,10.29147]],[[123.90272,10.29152],[123.90191,10.29187]],[[123.89778,10.29087],[123.89849,10.29105]]]}},{"type":"Feature","id":"j-alcantara-street","properties":{"id":"j-alcantara-street","name":"J. Alcantara Street","kind":"tertiary","at":[123.89357,10.29929],"neighbours":["j-urgello-street","natalio-bacalso-avenue"]},"geometry":{"type":"MultiLineString","coordinates":[[[123.89158,10.29991],[123.89357,10.29929]],[[123.88861,10.29923],[123.88971,10.29978]],[[123.89426,10.29913],[123.895,10.299]],[[123.88971,10.29978],[123.8907,10.30012],[123.89158,10.29991]]]}},{"type":"Feature","id":"juana-osmena-street","properties":{"id":"juana-osmena-street","name":"Juana Osmeña Street","kind":"tertiary","at":[123.895,10.3125],"neighbours":["don-jose-avila-street","j-llorente-street","m-p-yap-street","n-escario-street"]},"geometry":{"type":"MultiLineString","coordinates":[[[123.8933,10.31708],[123.895,10.3125]],[[123.895,10.3125],[123.89527,10.31101]]]}},{"type":"Feature","id":"don-jose-avila-street","properties":{"id":"don-jose-avila-street","name":"Don Jose Avila Street","kind":"tertiary","at":[123.89246,10.31516],"neighbours":["don-gil-garcia-street","f-ramos-extension","governor-m-roa-street","juana-osmena-street","osmena-boulevard"]},"geometry":{"type":"MultiLineString","coordinates":[[[123.8938,10.31562],[123.89246,10.31516]],[[123.89073,10.31456],[123.89133,10.31477]],[[123.89206,10.31502],[123.89147,10.31482]]]}},{"type":"Feature","id":"m-p-yap-street","properties":{"id":"m-p-yap-street","name":"M.P. Yap Street","kind":"tertiary","at":[123.89446,10.3138],"neighbours":["governor-m-roa-street","juana-osmena-street","osmena-boulevard"]},"geometry":{"type":"MultiLineString","coordinates":[[[123.89212,10.31299],[123.89446,10.3138]]]}},{"type":"Feature","id":"salinas-drive-extension","properties":{"id":"salinas-drive-extension","name":"Salinas Drive Extension","kind":"tertiary","at":[123.89738,10.33158],"neighbours":["veterans-drive"]},"geometry":{"type":"MultiLineString","coordinates":[[[123.89809,10.33115],[123.89738,10.33158],[123.8954,10.33359]],[[123.8954,10.33359],[123.89384,10.33428]],[[123.89255,10.33566],[123.89284,10.33491],[123.89334,10.3348],[123.89384,10.33428]],[[123.88913,10.34252],[123.88925,10.34184]],[[123.89003,10.33906],[123.89138,10.33668]],[[123.89138,10.33668],[123.89202,10.33569],[123.89232,10.33564]],[[123.88906,10.3413],[123.88931,10.34032]],[[123.88977,10.33957],[123.89003,10.33906]],[[123.88931,10.34032],[123.88977,10.33957]]]}},{"type":"Feature","id":"president-roxas-street","properties":{"id":"president-roxas-street","name":"President Roxas Street","kind":"tertiary","at":[123.9161,10.32123],"neighbours":["f-cabahug-street","s-cabahug-street"]},"geometry":{"type":"MultiLineString","coordinates":[[[123.91389,10.32293],[123.9161,10.32123]]]}},{"type":"Feature","id":"carlock-street","properties":{"id":"carlock-street","name":"Carlock Street","kind":"tertiary","at":[123.88681,10.2944],"neighbours":["b-aranas-street","candido-padilla-street","tres-de-abril-street","tupas-street"]},"geometry":{"type":"MultiLineString","coordinates":[[[123.88647,10.29636],[123.88681,10.2944]],[[123.88704,10.29319],[123.88716,10.29217]],[[123.88681,10.2944],[123.88704,10.29319]]]}},{"type":"Feature","id":"andres-abellana-extension","properties":{"id":"andres-abellana-extension","name":"Andres Abellana Extension","kind":"tertiary","at":[123.88832,10.32356],"neighbours":["andres-abellana-street","gervacio-quijada-street","vicente-rama-avenue"]},"geometry":{"type":"MultiLineString","coordinates":[[[123.88557,10.32323],[123.88387,10.32292]],[[123.88557,10.32323],[123.88832,10.32356]]]}},{"type":"Feature","id":"san-jose-road","properties":{"id":"san-jose-road","name":"San Jose Road","kind":"tertiary","at":[123.91781,10.37841],"neighbours":["kauswagan-road","minoza-street"]},"geometry":{"type":"MultiLineString","coordinates":[[[123.91918,10.37668],[123.91781,10.37841],[123.91661,10.37775]],[[123.91957,10.37617],[123.91918,10.37668]]]}},{"type":"Feature","id":"busay-budlaan-road","properties":{"id":"busay-budlaan-road","name":"Busay-Budlaan Road","kind":"tertiary","at":[123.88432,10.37749],"neighbours":["budlaan-road","cebu-balamban-transcentral-highway"]},"geometry":{"type":"MultiLineString","coordinates":[[[123.88279,10.37143],[123.88257,10.37102],[123.8815,10.37083],[123.88174,10.36971],[123.88154,10.36929]],[[123.88155,10.37317],[123.88193,10.37276],[123.8819,10.37187],[123.88216,10.37161]],[[123.87809,10.36755],[123.87882,10.36864],[123.87965,10.36872],[123.88038,10.36918],[123.88086,10.3692]],[[123.88589,10.37875],[123.88573,10.37861],[123.88535,10.37874],[123.88432,10.37749],[123.8839,10.3775],[123.88378,10.37712],[123.8823,10.37629]],[[123.88235,10.3761],[123.88272,10.37565],[123.88221,10.37494],[123.88215,10.37386]],[[123.88216,10.37161],[123.88246,10.37162],[123.88284,10.37213],[123.88279,10.37143]],[[123.88086,10.3692],[123.88122,10.36913],[123.88154,10.36929]],[[123.88146,10.37387],[123.88131,10.3736],[123.88155,10.37317]]]}},{"type":"Feature","id":"singson-road","properties":{"id":"singson-road","name":"Singson Road","kind":"tertiary","at":[123.8834,10.3242],"neighbours":["andres-abellana-street","vicente-rama-avenue"]},"geometry":{"type":"MultiLineString","coordinates":[[[123.88483,10.32458],[123.8834,10.3242]],[[123.88666,10.32496],[123.88524,10.32468]]]}},{"type":"Feature","id":"gervacio-quijada-street","properties":{"id":"gervacio-quijada-street","name":"Gervacio Quijada Street","kind":"tertiary","at":[123.88244,10.32211],"neighbours":["andres-abellana-extension","vicente-rama-avenue"]},"geometry":{"type":"MultiLineString","coordinates":[[[123.8838,10.32319],[123.88294,10.32272],[123.88244,10.32211],[123.87796,10.31921]]]}},{"type":"Feature","id":"j-fortich-street","properties":{"id":"j-fortich-street","name":"J. Fortich Street","kind":"tertiary","at":[123.88289,10.31189],"neighbours":["i-limkakeng-street","ramon-duterte-street"]},"geometry":{"type":"MultiLineString","coordinates":[[[123.88255,10.31351],[123.88289,10.31189]],[[123.88234,10.31464],[123.88255,10.31351]]]}},{"type":"Feature","id":"ramon-duterte-street","properties":{"id":"ramon-duterte-street","name":"Ramon Duterte Street","kind":"secondary","at":[123.87641,10.31058],"neighbours":["dr-pablo-abella-street","j-fortich-street","m-velez-street","vicente-rama-avenue"]},"geometry":{"type":"MultiLineString","coordinates":[[[123.88081,10.31407],[123.87795,10.31247],[123.87641,10.31058],[123.87606,10.30979]],[[123.88542,10.31574],[123.88089,10.31412]],[[123.87606,10.30979],[123.87595,10.30726],[123.87636,10.30552]]]}},{"type":"Feature","id":"i-limkakeng-street","properties":{"id":"i-limkakeng-street","name":"I. Limkakeng Street","kind":"tertiary","at":[123.88201,10.30959],"neighbours":["dr-pablo-abella-street","j-fortich-street"]},"geometry":{"type":"MultiLineString","coordinates":[[[123.88342,10.3108],[123.88267,10.30983],[123.88201,10.30959],[123.88208,10.30891]],[[123.88289,10.31189],[123.88342,10.3108]],[[123.88208,10.30891],[123.8822,10.30755]]]}},{"type":"Feature","id":"dr-pablo-abella-street","properties":{"id":"dr-pablo-abella-street","name":"Dr. Pablo Abella Street","kind":"tertiary","at":[123.88278,10.30764],"neighbours":["i-limkakeng-street","ramon-duterte-street","salvador-extension","vicente-rama-avenue"]},"geometry":{"type":"MultiLineString","coordinates":[[[123.88664,10.30859],[123.88278,10.30764],[123.87969,10.30725]],[[123.87954,10.30718],[123.87915,10.30674],[123.87906,10.3059],[123.87889,10.3057],[123.87731,10.30571],[123.8765,10.30521]]]}},{"type":"Feature","id":"a-lopez-street","properties":{"id":"a-lopez-street","name":"A. Lopez Street","kind":"tertiary","at":[123.88486,10.29944],"neighbours":["katipunan-street","tres-de-abril-street"]},"geometry":{"type":"MultiLineString","coordinates":[[[123.88439,10.30261],[123.88486,10.29944]],[[123.88506,10.29805],[123.88486,10.29944]]]}},{"type":"Feature","id":"pablo-s-atillo-street","properties":{"id":"pablo-s-atillo-street","name":"Pablo S. Atillo Street","kind":"tertiary","at":[123.87541,10.29361],"neighbours":["gabriel-elorde-street","tres-de-abril-street"]},"geometry":{"type":"MultiLineString","coordinates":[[[123.87384,10.29505],[123.87541,10.29361],[123.87612,10.29372]],[[123.87612,10.29372],[123.87621,10.29293]],[[123.87305,10.29587],[123.87332,10.29568],[123.87328,10.29547]],[[123.87328,10.29547],[123.87384,10.29505]]]}},{"type":"Feature","id":"gabriel-elorde-street","properties":{"id":"gabriel-elorde-street","name":"Gabriel Elorde Street","kind":"tertiary","at":[123.87447,10.29278],"neighbours":["francisco-llamas-street","pablo-s-atillo-street"]},"geometry":{"type":"MultiLineString","coordinates":[[[123.87447,10.29278],[123.87624,10.29294]],[[123.87049,10.29215],[123.87149,10.29223]],[[123.87149,10.29223],[123.8724,10.29241]],[[123.8724,10.29241],[123.87447,10.29278]]]}},{"type":"Feature","id":"macopa-street","properties":{"id":"macopa-street","name":"Macopa Street","kind":"tertiary","at":[123.86579,10.29205],"neighbours":["e-sabellano-street","natalio-bacalso-avenue"]},"geometry":{"type":"MultiLineString","coordinates":[[[123.86669,10.28884],[123.86579,10.29205]],[[123.86579,10.29205],[123.86544,10.29276]]]}},{"type":"Feature","id":"e-corro-street","properties":{"id":"e-corro-street","name":"E. Corro Street","kind":"tertiary","at":[123.85867,10.28894],"neighbours":["e-sabellano-street","natalio-bacalso-avenue"]},"geometry":{"type":"MultiLineString","coordinates":[[[123.86146,10.28652],[123.86101,10.28719],[123.86038,10.28694]],[[123.86038,10.28694],[123.85867,10.28894]]]}},{"type":"Feature","id":"r-padilla-street","properties":{"id":"r-padilla-street","name":"R. Padilla Street","kind":"tertiary","at":[123.88278,10.29501],"neighbours":["candido-padilla-street","natalio-bacalso-avenue"]},"geometry":{"type":"MultiLineString","coordinates":[[[123.88369,10.2924],[123.88278,10.29501]]]}},{"type":"Feature","id":"candido-padilla-street","properties":{"id":"candido-padilla-street","name":"Candido Padilla Street","kind":"secondary","at":[123.88704,10.29319],"neighbours":["carlock-street","f-vestil-street","j-m-basa-street","l-gabuya-street","lakandula-street","r-padilla-street","t-abella-street","tres-de-abril-street"]},"geometry":{"type":"MultiLineString","coordinates":[[[123.88077,10.29153],[123.87757,10.29076]],[[123.88704,10.29319],[123.88369,10.2924]],[[123.89088,10.29389],[123.88704,10.29319]],[[123.89207,10.29404],[123.89088,10.29389]],[[123.88369,10.2924],[123.88094,10.29158]],[[123.89318,10.29423],[123.89207,10.29404]]]}},{"type":"Feature","id":"tupas-street","properties":{"id":"tupas-street","name":"Tupas Street","kind":"tertiary","at":[123.88981,10.29221],"neighbours":["carlock-street","lakandula-street","t-abella-street","tres-de-abril-street"]},"geometry":{"type":"MultiLineString","coordinates":[[[123.88716,10.29217],[123.88981,10.29221]],[[123.89134,10.29241],[123.89203,10.29252]],[[123.89242,10.29257],[123.89483,10.29302]],[[123.88981,10.29221],[123.89134,10.29241]]]}},{"type":"Feature","id":"a-gabuya-street","properties":{"id":"a-gabuya-street","name":"A Gabuya Street","kind":"tertiary","at":[123.85992,10.2746],"neighbours":["f-jaca-street","l-gabuya-street"]},"geometry":{"type":"MultiLineString","coordinates":[[[123.85735,10.27689],[123.85992,10.2746]],[[123.8555,10.27897],[123.85735,10.27689]]]}},{"type":"Feature","id":"colonel-a-cabreros-street","properties":{"id":"colonel-a-cabreros-street","name":"Colonel A. Cabreros Street","kind":"tertiary","at":[123.87009,10.2877],"neighbours":["l-gabuya-street","mambaling-underpass","natalio-bacalso-avenue"]},"geometry":{"type":"MultiLineString","coordinates":[[[123.87078,10.28651],[123.87009,10.2877],[123.86957,10.28956]]]}},{"type":"Feature","id":"i-tabura-street","properties":{"id":"i-tabura-street","name":"I. Tabura Street","kind":"tertiary","at":[123.85764,10.2791],"neighbours":["e-sabellano-street","f-jaca-street","natalio-bacalso-avenue"]},"geometry":{"type":"MultiLineString","coordinates":[[[123.85621,10.28044],[123.85764,10.2791]],[[123.85621,10.28044],[123.85533,10.28128]]]}},{"type":"Feature","id":"rosal-street","properties":{"id":"rosal-street","name":"Rosal Street","kind":"tertiary","at":[123.85396,10.26982],"neighbours":["f-jaca-street","saint-jude-acres-street"]},"geometry":{"type":"MultiLineString","coordinates":[[[123.85188,10.27133],[123.85189,10.27087],[123.85225,10.27056]],[[123.85225,10.27056],[123.85396,10.26982],[123.85627,10.26969]]]}},{"type":"Feature","id":"saint-jude-acres-street","properties":{"id":"saint-jude-acres-street","name":"Saint Jude Acres Street","kind":"tertiary","at":[123.84981,10.27282],"neighbours":["natalio-bacalso-avenue","rosal-street"]},"geometry":{"type":"MultiLineString","coordinates":[[[123.84983,10.27227],[123.84981,10.27282],[123.84938,10.27363]],[[123.85154,10.27133],[123.85089,10.2719]],[[123.85089,10.2719],[123.84983,10.27227]]]}},{"type":"Feature","id":"cscr-u-turn-ramp","properties":{"id":"cscr-u-turn-ramp","name":"CSCR U-Turn Ramp","kind":"tertiary","at":[123.87281,10.2608],"neighbours":["banog-road"]},"geometry":{"type":"MultiLineString","coordinates":[[[123.87337,10.26197],[123.87286,10.26154]],[[123.87308,10.26128],[123.87347,10.2619]],[[123.87286,10.26154],[123.8723,10.26099]],[[123.8725,10.26065],[123.87281,10.2608],[123.87308,10.26128]]]}},{"type":"Feature","id":"banog-road","properties":{"id":"banog-road","name":"Banog Road","kind":"tertiary","at":[123.86737,10.27181],"neighbours":["cscr-u-turn-ramp","f-vestil-street"]},"geometry":{"type":"MultiLineString","coordinates":[[[123.87568,10.28232],[123.86788,10.27416],[123.86737,10.27181],[123.86998,10.26859],[123.87132,10.2652]],[[123.87132,10.2652],[123.86955,10.26315]],[[123.87211,10.26092],[123.86955,10.26315]],[[123.88,10.2859],[123.87934,10.28567],[123.87749,10.28374],[123.87588,10.28253]]]}},{"type":"Feature","id":"dona-modesta-gaisano-street","properties":{"id":"dona-modesta-gaisano-street","name":"Doña Modesta Gaisano Street","kind":"tertiary","at":[123.89253,10.33062],"neighbours":["justice-street"]},"geometry":{"type":"MultiLineString","coordinates":[[[123.89575,10.32851],[123.8965,10.3285]],[[123.8946,10.3295],[123.89253,10.33062]],[[123.8965,10.3285],[123.8958,10.32857]],[[123.89572,10.32858],[123.89542,10.32913],[123.8946,10.3295]]]}},{"type":"Feature","id":"roosevelt-drive","properties":{"id":"roosevelt-drive","name":"Roosevelt Drive","kind":"tertiary","at":[123.87468,10.37097],"neighbours":["babag-road","cebu-balamban-transcentral-highway"]},"geometry":{"type":"MultiLineString","coordinates":[[[123.87335,10.36932],[123.87327,10.36952],[123.87342,10.36985],[123.87398,10.3705],[123.87468,10.37097],[123.87518,10.37104],[123.87522,10.37126],[123.87493,10.37158]],[[123.87373,10.36871],[123.87335,10.36932]]]}},{"type":"Feature","id":"buot-taop-road","properties":{"id":"buot-taop-road","name":"Buot-Taop Road","kind":"tertiary","at":[123.82041,10.35782],"neighbours":["bonbon-sudlon-road"]},"geometry":{"type":"MultiLineString","coordinates":[[[123.82643,10.36396],[123.8257,10.36318],[123.82534,10.36243],[123.82532,10.36026],[123.82499,10.35938],[123.82437,10.35891],[123.82403,10.35891],[123.82325,10.35949],[123.82251,10.35961],[123.8205,10.35842],[123.82026,10.35813],[123.82041,10.35782],[123.82105,10.35756],[123.82115,10.35731],[123.82093,10.35651],[123.81991,10.35569],[123.8181,10.35541],[123.81728,10.3549],[123.81645,10.35397],[123.814,10.35287],[123.81347,10.35219],[123.81319,10.35035]],[[123.80784,10.34787],[123.8072,10.34767],[123.80416,10.34744],[123.80372,10.34718],[123.80275,10.34622],[123.8016,10.3435],[123.80096,10.34275],[123.80045,10.34154],[123.80018,10.34128],[123.79945,10.34148]],[[123.81293,10.35023],[123.81242,10.34937],[123.81187,10.34909]],[[123.82824,10.3657],[123.82793,10.36523],[123.82666,10.36414]],[[123.81187,10.34909],[123.81143,10.34904],[123.81042,10.34935],[123.80984,10.34929],[123.80837,10.34797],[123.80784,10.34787]]]}},{"type":"Feature","id":"mambaling-flyover","properties":{"id":"mambaling-flyover","name":"Mambaling Flyover","kind":"primary","at":[123.8767,10.29073],"neighbours":["l-gabuya-street","natalio-bacalso-avenue"]},"geometry":{"type":"MultiLineString","coordinates":[[[123.87588,10.29041],[123.8767,10.29073],[123.87895,10.29233]]]}},{"type":"Feature","id":"queens-road","properties":{"id":"queens-road","name":"Queens' Road","kind":"tertiary","at":[123.89825,10.31261],"neighbours":[]},"geometry":{"type":"MultiLineString","coordinates":[[[123.90013,10.31293],[123.89927,10.31278]],[[123.89927,10.31278],[123.89825,10.31261]],[[123.89651,10.31302],[123.8974,10.31258]]]}},{"type":"Feature","id":"governor-m-roa-street","properties":{"id":"governor-m-roa-street","name":"Governor M. Roa Street","kind":"tertiary","at":[123.8927,10.31319],"neighbours":["don-jose-avila-street","j-llorente-street","m-p-yap-street","n-escario-street"]},"geometry":{"type":"MultiLineString","coordinates":[[[123.8927,10.31319],[123.89327,10.31152]],[[123.89156,10.31641],[123.89206,10.31502]],[[123.89206,10.31502],[123.8927,10.31319]]]}},{"type":"Feature","id":"p-del-rosario-street","properties":{"id":"p-del-rosario-street","name":"P. del Rosario Street","kind":"primary","at":[123.89802,10.30019],"neighbours":["dionisio-jakosalem-street","osmena-boulevard","pelaez-street"]},"geometry":{"type":"MultiLineString","coordinates":[[[123.89586,10.29907],[123.89649,10.2994]],[[123.89802,10.30019],[123.89864,10.30052]],[[123.89895,10.30069],[123.8997,10.30109]],[[123.8997,10.30109],[123.90028,10.30141]],[[123.90084,10.30169],[123.90028,10.30141]],[[123.90028,10.30141],[123.90083,10.30158]],[[123.89709,10.29971],[123.89802,10.30019]],[[123.90157,10.3019],[123.90102,10.30174]]]}},{"type":"Feature","id":"zulueta-street","properties":{"id":"zulueta-street","name":"Zulueta Street","kind":"tertiary","at":[123.90606,10.29837],"neighbours":["m-j-cuenco-avenue","mabini-street","sikatuna-street","v-sotto-street"]},"geometry":{"type":"MultiLineString","coordinates":[[[123.90377,10.29876],[123.90606,10.29837]]]}},{"type":"Feature","id":"paseo-salud","properties":{"id":"paseo-salud","name":"Paseo Salud","kind":"tertiary","at":[123.89383,10.35601],"neighbours":["paseo-john-john","paseo-michel"]},"geometry":{"type":"MultiLineString","coordinates":[[[123.89368,10.35491],[123.89363,10.35559],[123.89383,10.35601],[123.89244,10.35749]]]}},{"type":"Feature","id":"paseo-john-john","properties":{"id":"paseo-john-john","name":"Paseo John-John","kind":"tertiary","at":[123.89007,10.35487],"neighbours":["cebu-balamban-transcentral-highway","paseo-salud"]},"geometry":{"type":"MultiLineString","coordinates":[[[123.89244,10.35749],[123.89177,10.35734],[123.89039,10.35621],[123.89007,10.35487],[123.88858,10.35427],[123.88828,10.3535]],[[123.88818,10.3534],[123.88811,10.35267]]]}},{"type":"Feature","id":"paseo-michel","properties":{"id":"paseo-michel","name":"Paseo Michel","kind":"tertiary","at":[123.89598,10.35607],"neighbours":["paseo-elisabeth","paseo-salud"]},"geometry":{"type":"MultiLineString","coordinates":[[[123.89844,10.3563],[123.89828,10.35592],[123.89781,10.35569],[123.89676,10.35573],[123.89598,10.35607],[123.89489,10.35586],[123.89432,10.35521],[123.89368,10.35491]]]}},{"type":"Feature","id":"kalunasan-road","properties":{"id":"kalunasan-road","name":"Kalunasan Road","kind":"tertiary","at":[123.86615,10.34646],"neighbours":["sapangdaku-road"]},"geometry":{"type":"MultiLineString","coordinates":[[[123.86881,10.35027],[123.86936,10.34951],[123.8693,10.34921],[123.86878,10.34899],[123.86789,10.34766],[123.867,10.34712],[123.86705,10.34634],[123.86652,10.34655],[123.86615,10.34646],[123.86548,10.34586],[123.8654,10.34523],[123.86471,10.3448],[123.86477,10.34424],[123.8652,10.34418],[123.86536,10.34395],[123.86498,10.34291],[123.86502,10.34215]]]}},{"type":"Feature","id":"pelaez-street","properties":{"id":"pelaez-street","name":"Pelaez Street","kind":"tertiary","at":[123.89807,10.29985],"neighbours":["legaspi-street","p-del-rosario-street","sanciangko-street"]},"geometry":{"type":"MultiLineString","coordinates":[[[123.89829,10.29817],[123.89807,10.29985]],[[123.89904,10.29674],[123.89876,10.29728]]]}},{"type":"Feature","id":"mabini-street","properties":{"id":"mabini-street","name":"Mabini Street","kind":"secondary","at":[123.90365,10.29565],"neighbours":["bonifacio-street","eduardo-aboitiz-street","p-burgos-street","sikatuna-street","vicente-gullas-street","zulueta-street"]},"geometry":{"type":"MultiLineString","coordinates":[[[123.90389,10.29947],[123.90377,10.30029]],[[123.90382,10.2972],[123.90365,10.29565]],[[123.90377,10.29876],[123.90389,10.29947]]]}},{"type":"Feature","id":"general-maxilom-avenue-extension","properties":{"id":"general-maxilom-avenue-extension","name":"General Maxilom Avenue Extension","kind":"secondary","at":[123.90982,10.30712],"neighbours":["a-soriano-jr-avenue","don-bernardo-benedicto-avenue","imus-avenue","j-de-veyra-street"]},"geometry":{"type":"MultiLineString","coordinates":[[[123.90982,10.30712],[123.91037,10.30649]],[[123.90744,10.30856],[123.90982,10.30712]],[[123.91037,10.30649],[123.91093,10.30581]],[[123.91098,10.30575],[123.9116,10.305]],[[123.91213,10.30436],[123.91254,10.30387]]]}},{"type":"Feature","id":"gorordo-avenue","properties":{"id":"gorordo-avenue","name":"Gorordo Avenue","kind":"secondary","at":[123.89792,10.3269],"neighbours":["archbishop-reyes-avenue","cardinal-rosales-avenue","f-sotto-drive","general-echavez-street","general-maxilom-avenue","n-escario-street"]},"geometry":{"type":"MultiLineString","coordinates":[[[123.89994,10.31857],[123.89931,10.3199]],[[123.90267,10.31331],[123.90187,10.31484]],[[123.89931,10.3199],[123.8981,10.32536],[123.89792,10.3269],[123.89747,10.32827]],[[123.90153,10.31551],[123.89994,10.31857]],[[123.90327,10.31215],[123.90273,10.3132]],[[123.90386,10.311],[123.90349,10.31172]],[[123.89741,10.32898],[123.8976,10.32964]]]}},{"type":"Feature","id":"samar-loop","properties":{"id":"samar-loop","name":"Samar Loop","kind":"tertiary","at":[123.90909,10.31712],"neighbours":["cardinal-rosales-avenue","leyte-loop","mindanao-avenue"]},"geometry":{"type":"MultiLineString","coordinates":[[[123.90838,10.3179],[123.90896,10.31711],[123.909,10.31666],[123.90881,10.31621]],[[123.90881,10.31621],[123.90825,10.31565],[123.90775,10.31554]],[[123.9089,10.31613],[123.90912,10.31664],[123.90909,10.31712],[123.90845,10.31799]],[[123.90773,10.31539],[123.90811,10.31544],[123.90859,10.31578]],[[123.90645,10.31596],[123.90773,10.31539]],[[123.90792,10.3183],[123.90838,10.3179]],[[123.90845,10.31799],[123.90799,10.31838]],[[123.90775,10.31554],[123.90649,10.31608]]]}},{"type":"Feature","id":"kaohsiung-street","properties":{"id":"kaohsiung-street","name":"Kaohsiung Street","kind":"secondary","at":[123.91828,10.31325],"neighbours":["a-soriano-jr-avenue","f-urot-street"]},"geometry":{"type":"MultiLineString","coordinates":[[[123.92061,10.31208],[123.91989,10.31286],[123.91828,10.31325],[123.9178,10.31364]],[[123.92157,10.31091],[123.92117,10.31139]]]}},{"type":"Feature","id":"j-de-veyra-street","properties":{"id":"j-de-veyra-street","name":"J. De Veyra Street","kind":"tertiary","at":[123.91735,10.31093],"neighbours":["don-bernardo-benedicto-avenue","general-maxilom-avenue-extension","juan-luna-avenue"]},"geometry":{"type":"MultiLineString","coordinates":[[[123.91098,10.30575],[123.91735,10.31093]],[[123.91728,10.31101],[123.91093,10.30581]]]}},{"type":"Feature","id":"fuente-osmena-circle","properties":{"id":"fuente-osmena-circle","name":"Fuente Osmeña Circle","kind":"secondary","at":[123.89364,10.31032],"neighbours":["b-rodriguez-street","don-gil-garcia-street","general-maxilom-avenue","osmena-boulevard"]},"geometry":{"type":"MultiLineString","coordinates":[[[123.89275,10.3104],[123.89249,10.31],[123.89259,10.30948]],[[123.89382,10.30976],[123.89364,10.31032],[123.89315,10.31052]]]}},{"type":"Feature","id":"san-miguel-road","properties":{"id":"san-miguel-road","name":"San Miguel Road","kind":"tertiary","at":[123.9075,10.33508],"neighbours":[]},"geometry":{"type":"MultiLineString","coordinates":[[[123.90685,10.33277],[123.9075,10.33508]],[[123.9075,10.33508],[123.90814,10.33617]],[[123.90654,10.33216],[123.90685,10.33277]]]}},{"type":"Feature","id":"salvador-extension","properties":{"id":"salvador-extension","name":"Salvador Extension","kind":"secondary","at":[123.87886,10.29958],"neighbours":["dr-pablo-abella-street","katipunan-street"]},"geometry":{"type":"MultiLineString","coordinates":[[[123.87786,10.30276],[123.87886,10.29958]],[[123.87664,10.30495],[123.87783,10.30283]]]}},{"type":"Feature","id":"leyte-loop","properties":{"id":"leyte-loop","name":"Leyte Loop","kind":"tertiary","at":[123.90916,10.31583],"neighbours":["mactan-road","samar-loop"]},"geometry":{"type":"MultiLineString","coordinates":[[[123.90907,10.31396],[123.90923,10.31429],[123.90916,10.31583],[123.9089,10.31613]],[[123.90773,10.31539],[123.90827,10.31408],[123.90869,10.31383]]]}},{"type":"Feature","id":"h-abellana-street","properties":{"id":"h-abellana-street","name":"H. Abellana Street","kind":"secondary","at":[123.9267,10.36928],"neighbours":[]},"geometry":{"type":"MultiLineString","coordinates":[[[123.92475,10.37085],[123.92409,10.37163]],[[123.93007,10.36839],[123.92943,10.3684],[123.9267,10.36928],[123.9255,10.36997],[123.92475,10.37085]]]}},{"type":"Feature","id":"f-gonzales-street","properties":{"id":"f-gonzales-street","name":"F. Gonzales Street","kind":"tertiary","at":[123.90096,10.29512],"neighbours":["magallanes-street"]},"geometry":{"type":"MultiLineString","coordinates":[[[123.90033,10.29296],[123.90063,10.29403]],[[123.90063,10.29403],[123.90096,10.29512]]]}},{"type":"Feature","id":"f-calderon-street","properties":{"id":"f-calderon-street","name":"F. Calderon Street","kind":"tertiary","at":[123.89831,10.29168],"neighbours":["m-c-briones-street","m-l-quezon-boulevard","manalili-street"]},"geometry":{"type":"MultiLineString","coordinates":[[[123.89792,10.29323],[123.89812,10.29247]],[[123.89812,10.29247],[123.89831,10.29168]],[[123.89849,10.29105],[123.89831,10.29168]]]}},{"type":"Feature","id":"paseo-eulalia","properties":{"id":"paseo-eulalia","name":"Paseo Eulalia","kind":"tertiary","at":[123.905,10.3486],"neighbours":["paseo-don-sergio","paseo-saturnino"]},"geometry":{"type":"MultiLineString","coordinates":[[[123.90196,10.35394],[123.90259,10.35341],[123.9035,10.35335],[123.90366,10.3532],[123.90391,10.35211],[123.90398,10.35031],[123.905,10.3486],[123.90512,10.34793],[123.90561,10.34714],[123.90566,10.3466],[123.90675,10.34541],[123.90841,10.34484]]]}},{"type":"Feature","id":"j-m-basa-street","properties":{"id":"j-m-basa-street","name":"J. M. Basa Street","kind":"tertiary","at":[123.88957,10.29365],"neighbours":["b-aranas-street","candido-padilla-street","vicente-rama-avenue"]},"geometry":{"type":"MultiLineString","coordinates":[[[123.88916,10.29623],[123.88957,10.29365]]]}},{"type":"Feature","id":"binaliw-road","properties":{"id":"binaliw-road","name":"Binaliw Road","kind":"tertiary","at":[123.90587,10.41389],"neighbours":["pit-os-road"]},"geometry":{"type":"MultiLineString","coordinates":[[[123.90604,10.41547],[123.90584,10.41474],[123.90587,10.41389],[123.90499,10.41263]]]}},{"type":"Feature","id":"pit-os-road","properties":{"id":"pit-os-road","name":"Pit-os Road","kind":"tertiary","at":[123.90399,10.40668],"neighbours":["binaliw-road"]},"geometry":{"type":"MultiLineString","coordinates":[[[123.90291,10.40138],[123.90327,10.40128],[123.9039,10.40176],[123.90433,10.40143],[123.9047,10.40146],[123.90541,10.40173],[123.90585,10.40236],[123.90668,10.40263],[123.90691,10.40316],[123.90669,10.404],[123.90734,10.4046],[123.90767,10.40435],[123.90728,10.40426],[123.90698,10.40392],[123.90721,10.40353],[123.9071,10.40272],[123.90745,10.40242],[123.90783,10.40154],[123.90804,10.40156],[123.90816,10.40206]],[[123.90499,10.41263],[123.90383,10.41053],[123.90387,10.40925],[123.9044,10.40856],[123.90449,10.4076],[123.90399,10.40668],[123.90399,10.40633],[123.90505,10.40448],[123.90475,10.40363],[123.90291,10.40138]],[[123.90816,10.40206],[123.90853,10.40266],[123.90972,10.40323],[123.90993,10.4035],[123.91015,10.40357],[123.91056,10.40337],[123.91054,10.40294],[123.91082,10.40231],[123.91072,10.40202],[123.91038,10.40183],[123.90982,10.40185],[123.90939,10.40097],[123.90756,10.39939]]]}},{"type":"Feature","id":"friendship-street","properties":{"id":"friendship-street","name":"Friendship Street","kind":"tertiary","at":[123.89215,10.32688],"neighbours":["justice-street"]},"geometry":{"type":"MultiLineString","coordinates":[[[123.8917,10.32864],[123.89215,10.32688]],[[123.89215,10.32688],[123.89248,10.32599]],[[123.89207,10.32483],[123.89239,10.32392]],[[123.89248,10.32599],[123.89207,10.32483]],[[123.89138,10.32989],[123.8917,10.32864]]]}},{"type":"Feature","id":"budlaan-road","properties":{"id":"budlaan-road","name":"Budlaan Road","kind":"tertiary","at":[123.88798,10.38025],"neighbours":["budlaan-tac-an-road","busay-budlaan-road"]},"geometry":{"type":"MultiLineString","coordinates":[[[123.89118,10.38014],[123.89031,10.37975],[123.88974,10.37998],[123.88931,10.37992]],[[123.88931,10.37992],[123.88899,10.37999],[123.88818,10.38067],[123.88798,10.38025],[123.8876,10.38],[123.8869,10.38004],[123.88596,10.37906]]]}},{"type":"Feature","id":"babag-road","properties":{"id":"babag-road","name":"Babag Road","kind":"tertiary","at":[123.86849,10.36335],"neighbours":["roosevelt-drive"]},"geometry":{"type":"MultiLineString","coordinates":[[[123.86038,10.36545],[123.86177,10.36553],[123.86211,10.36536],[123.86249,10.3656],[123.86303,10.36556],[123.86443,10.366],[123.86508,10.3669],[123.86564,10.36669]],[[123.86564,10.36669],[123.86511,10.36633],[123.86525,10.3658],[123.86496,10.36561],[123.86492,10.36538],[123.86525,10.36508],[123.86607,10.36494],[123.86744,10.36501],[123.86801,10.36469],[123.86829,10.36424],[123.86781,10.36336],[123.8681,10.36297],[123.86849,10.36335],[123.86874,10.36391],[123.86978,10.36394],[123.8704,10.36373],[123.87056,10.36438],[123.8705,10.3653],[123.8709,10.36716],[123.87201,10.36767],[123.87273,10.36733],[123.87271,10.36775],[123.87327,10.36768],[123.87359,10.36847]]]}},{"type":"Feature","id":"acacia-street","properties":{"id":"acacia-street","name":"Acacia Street","kind":"tertiary","at":[123.89146,10.32346],"neighbours":["villalon-drive"]},"geometry":{"type":"MultiLineString","coordinates":[[[123.89146,10.32346],[123.89056,10.32344]],[[123.89242,10.3235],[123.89146,10.32346]]]}},{"type":"Feature","id":"sudlon-road","properties":{"id":"sudlon-road","name":"Sudlon Road","kind":"tertiary","at":[123.79162,10.39828],"neighbours":["bonbon-sudlon-road","cebu-balamban-transcentral-highway"]},"geometry":{"type":"MultiLineString","coordinates":[[[123.78394,10.38791],[123.78456,10.38817],[123.78494,10.38798]],[[123.78494,10.38798],[123.78516,10.38794],[123.78608,10.38701],[123.78652,10.38696],[123.78727,10.38773],[123.78799,10.38907],[123.7884,10.38933],[123.78834,10.38997],[123.78911,10.39075],[123.78907,10.39264],[123.79007,10.39476],[123.79017,10.39571],[123.79129,10.39666],[123.79166,10.39753],[123.79162,10.39828],[123.79248,10.39943],[123.79282,10.39945],[123.79334,10.39985],[123.79364,10.3997],[123.79473,10.40002],[123.79539,10.39959],[123.79697,10.39935],[123.79873,10.40024],[123.79922,10.40131],[123.80097,10.40372],[123.80107,10.40482],[123.80176,10.40568],[123.80353,10.40695],[123.80532,10.40721]],[[123.77756,10.37954],[123.77721,10.37991],[123.77752,10.38137],[123.77711,10.38205],[123.77753,10.38284],[123.77825,10.38342],[123.77862,10.38458],[123.7794,10.38568],[123.77964,10.38692],[123.78011,10.38791],[123.78036,10.38793],[123.78048,10.38754],[123.78085,10.3874],[123.78131,10.38775],[123.78273,10.38792],[123.78347,10.38769],[123.78394,10.38791]],[[123.78658,10.37188],[123.78694,10.37244],[123.78704,10.37441],[123.78718,10.37474],[123.78644,10.37568],[123.7867,10.37654],[123.7856,10.3763],[123.7835,10.37783],[123.78048,10.37774],[123.77974,10.37825],[123.77822,10.37808],[123.77795,10.3783],[123.77756,10.37954]],[[123.78503,10.36281],[123.78505,10.36334],[123.78469,10.36457],[123.78431,10.36495],[123.78366,10.36513],[123.78354,10.36545],[123.78442,10.36606],[123.78494,10.36679],[123.78537,10.36771],[123.7853,10.36833],[123.78603,10.36857],[123.78639,10.36904],[123.78631,10.36966],[123.78662,10.37006],[123.78612,10.37061],[123.78606,10.37101],[123.78618,10.37154],[123.78658,10.37188]]]}},{"type":"Feature","id":"kauswagan-road","properties":{"id":"kauswagan-road","name":"Kauswagan Road","kind":"tertiary","at":[123.91527,10.38846],"neighbours":["san-jose-road"]},"geometry":{"type":"MultiLineString","coordinates":[[[123.91438,10.38441],[123.91501,10.38228],[123.91544,10.38167],[123.91528,10.3807],[123.91572,10.37895],[123.916,10.37832],[123.91661,10.37775]],[[123.91619,10.3932],[123.91618,10.39092],[123.91652,10.38966],[123.91623,10.38917],[123.91527,10.38846],[123.91441,10.38687],[123.91404,10.38594],[123.91396,10.38509],[123.91438,10.38441]],[[123.91354,10.39671],[123.91467,10.39574]],[[123.91467,10.39574],[123.9149,10.39575],[123.91606,10.39505],[123.91619,10.3932]]]}},{"type":"Feature","id":"i-villa-street","properties":{"id":"i-villa-street","name":"I. Villa Street","kind":"tertiary","at":[123.90699,10.33188],"neighbours":["geonzon-street","jose-maria-del-mar-avenue"]},"geometry":{"type":"MultiLineString","coordinates":[[[123.90836,10.33104],[123.90699,10.33188]],[[123.90697,10.33175],[123.9083,10.33093]]]}},{"type":"Feature","id":"omega-street","properties":{"id":"omega-street","name":"Omega Street","kind":"tertiary","at":[123.90467,10.3378],"neighbours":["camp-lapu-lapu-road"]},"geometry":{"type":"MultiLineString","coordinates":[[[123.90709,10.33597],[123.90467,10.3378]]]}},{"type":"Feature","id":"paseo-saturnino","properties":{"id":"paseo-saturnino","name":"Paseo Saturnino","kind":"tertiary","at":[123.9087,10.34474],"neighbours":["governor-m-cuenco-avenue","paseo-eulalia"]},"geometry":{"type":"MultiLineString","coordinates":[[[123.91197,10.3435],[123.9087,10.34474]]]}}]}